test_season,season,event_slug,checkpoint,driver,event,event_key,fold_id,quali_gap_to_pole_sec,uniform_prediction,uniform_absolute_error,weighted_prediction,weighted_absolute_error,selected_prediction,selected_absolute_error,d_uniform_minus_weighted,current_season_prior_events,regime
2024,2024,sakhir,after_fp3,ALB,Sakhir,2024/sakhir,15,1.0559999999999974,1.2486443597711188,0.19264435977112138,1.2486443597711188,0.19264435977112138,1.2486443597711188,0.19264435977112138,0.0,0,cold_start
2024,2024,sakhir,after_fp3,ALO,Sakhir,2024/sakhir,15,0.37699999999999534,0.3332002543061442,0.043799745693851144,0.3332002543061442,0.043799745693851144,0.3332002543061442,0.043799745693851144,0.0,0,cold_start
2024,2024,sakhir,after_fp3,BOT,Sakhir,2024/sakhir,15,1.590999999999994,1.3931416515821764,0.19785834841781758,1.3931416515821764,0.19785834841781758,1.3931416515821764,0.19785834841781758,0.0,0,cold_start
2024,2024,sakhir,after_fp3,GAS,Sakhir,2024/sakhir,15,1.782999999999987,1.9756444693107613,0.19264446931077428,1.9756444693107613,0.19264446931077428,1.9756444693107613,0.19264446931077428,0.0,0,cold_start
2024,2024,sakhir,after_fp3,HAM,Sakhir,2024/sakhir,15,0.5449999999999875,0.40423628843692955,0.14076371156305795,0.40423628843692955,0.14076371156305795,0.40423628843692955,0.14076371156305795,0.0,0,cold_start
2024,2024,sakhir,after_fp3,HUL,Sakhir,2024/sakhir,15,0.6859999999999928,1.3894486454666377,0.7034486454666449,1.3894486454666377,0.7034486454666449,1.3894486454666377,0.7034486454666449,0.0,0,cold_start
2024,2024,sakhir,after_fp3,LEC,Sakhir,2024/sakhir,15,0.0,0.697158730344559,0.697158730344559,0.697158730344559,0.697158730344559,0.697158730344559,0.697158730344559,0.0,0,cold_start
2024,2024,sakhir,after_fp3,MAG,Sakhir,2024/sakhir,15,1.36399999999999,1.5925995784287503,0.22859957842876022,1.5925995784287503,0.22859957842876022,1.5925995784287503,0.22859957842876022,0.0,0,cold_start
2024,2024,sakhir,after_fp3,NOR,Sakhir,2024/sakhir,15,0.44899999999999807,0.8543333821217729,0.40533338212177483,0.8543333821217729,0.40533338212177483,0.8543333821217729,0.40533338212177483,0.0,0,cold_start
2024,2024,sakhir,after_fp3,OCO,Sakhir,2024/sakhir,15,1.6280000000000001,1.8332059273960808,0.20520592739608068,1.8332059273960808,0.20520592739608068,1.8332059273960808,0.20520592739608068,0.0,0,cold_start
2024,2024,sakhir,after_fp3,PER,Sakhir,2024/sakhir,15,0.3719999999999999,0.9488785752129438,0.576878575212944,0.9488785752129438,0.576878575212944,0.9488785752129438,0.576878575212944,0.0,0,cold_start
2024,2024,sakhir,after_fp3,PIA,Sakhir,2024/sakhir,15,0.5180000000000007,0.6342078357069163,0.11620783570691562,0.6342078357069163,0.11620783570691562,0.6342078357069163,0.11620783570691562,0.0,0,cold_start
2024,2024,sakhir,after_fp3,RIC,Sakhir,2024/sakhir,15,1.1129999999999995,1.1159853573519471,0.002985357351947604,1.1159853573519471,0.002985357351947604,1.1159853573519471,0.002985357351947604,0.0,0,cold_start
2024,2024,sakhir,after_fp3,RUS,Sakhir,2024/sakhir,15,0.3199999999999932,0.36330403040930237,0.04330403040930919,0.36330403040930237,0.04330403040930919,0.36330403040930237,0.04330403040930919,0.0,0,cold_start
2024,2024,sakhir,after_fp3,SAI,Sakhir,2024/sakhir,15,0.34199999999999875,0.5139703821780209,0.17197038217802219,0.5139703821780209,0.17197038217802219,0.5139703821780209,0.17197038217802219,0.0,0,cold_start
2024,2024,sakhir,after_fp3,SAR,Sakhir,2024/sakhir,15,1.6049999999999898,1.644742414047465,0.03974241404747514,1.644742414047465,0.03974241404747514,1.644742414047465,0.03974241404747514,0.0,0,cold_start
2024,2024,sakhir,after_fp3,STR,Sakhir,2024/sakhir,15,0.7999999999999972,0.9035588022991067,0.10355880229910952,0.9035588022991067,0.10355880229910952,0.9035588022991067,0.10355880229910952,0.0,0,cold_start
2024,2024,sakhir,after_fp3,TSU,Sakhir,2024/sakhir,15,0.9639999999999986,1.1259966078609907,0.16199660786099201,1.1259966078609907,0.16199660786099201,1.1259966078609907,0.16199660786099201,0.0,0,cold_start
2024,2024,sakhir,after_fp3,VER,Sakhir,2024/sakhir,15,0.013999999999995794,0.5760605111807696,0.5620605111807738,0.5760605111807696,0.5620605111807738,0.5760605111807696,0.5620605111807738,0.0,0,cold_start
2024,2024,sakhir,after_fp3,ZHO,Sakhir,2024/sakhir,15,1.5919999999999987,1.4861822561020792,0.10581774389791954,1.4861822561020792,0.10581774389791954,1.4861822561020792,0.10581774389791954,0.0,0,cold_start
2024,2024,melbourne,after_fp3,ALB,Melbourne,2024/melbourne,16,1.2149999999999892,1.246445156604699,0.03144515660470981,1.1655476747962232,0.04945232520376597,1.246445156604699,0.03144515660470981,-0.018007168599056156,1,cold_start
2024,2024,melbourne,after_fp3,ALO,Melbourne,2024/melbourne,16,0.7949999999999875,0.909532465124275,0.1145324651242875,0.8977614764125632,0.10276147641257571,0.909532465124275,0.1145324651242875,0.011770988711711783,1,cold_start
2024,2024,melbourne,after_fp3,BOT,Melbourne,2024/melbourne,16,1.4249999999999972,1.7632863812766977,0.3382863812767005,1.6829220999313683,0.25792209993137116,1.7632863812766977,0.3382863812767005,0.08036428134532936,1,cold_start
2024,2024,melbourne,after_fp3,GAS,Melbourne,2024/melbourne,16,2.066999999999993,1.7497653128881225,0.31723468711187053,1.7990947096564331,0.2679052903435599,1.7497653128881225,0.31723468711187053,0.04932939676831061,1,cold_start
2024,2024,melbourne,after_fp3,HAM,Melbourne,2024/melbourne,16,1.0449999999999875,0.6434816058529456,0.40151839414704193,0.644980838706104,0.4000191612938835,0.6434816058529456,0.40151839414704193,0.0014992328531584498,1,cold_start
2024,2024,melbourne,after_fp3,HUL,Melbourne,2024/melbourne,16,2.060999999999993,1.4262452526425733,0.6347547473574195,1.4354307039129528,0.62556929608704,1.4262452526425733,0.6347547473574195,0.009185451270379508,1,cold_start
2024,2024,melbourne,after_fp3,LEC,Melbourne,2024/melbourne,16,0.3889999999999958,0.16099114940480136,0.22800885059519443,0.16174057590248883,0.22725942409750696,0.16099114940480136,0.22800885059519443,0.000749426497687472,1,cold_start
2024,2024,melbourne,after_fp3,MAG,Melbourne,2024/melbourne,16,1.5120000000000005,1.483213862078802,0.02878613792119844,1.4565301408729865,0.055469859127013965,1.483213862078802,0.02878613792119844,-0.026683721205815525,1,cold_start
2024,2024,melbourne,after_fp3,NOR,Melbourne,2024/melbourne,16,0.3999999999999915,0.7777988603331154,0.37779886033312393,0.7911069445594812,0.3911069445594897,0.7777988603331154,0.37779886033312393,-0.013308084226365757,1,cold_start
2024,2024,melbourne,after_fp3,OCO,Melbourne,2024/melbourne,16,1.7019999999999982,1.4270480971459276,0.27495190285407056,1.5953228385208076,0.1066771614791906,1.4270480971459276,0.27495190285407056,0.16827474137487997,1,cold_start
2024,2024,melbourne,after_fp3,PER,Melbourne,2024/melbourne,16,0.35899999999999466,0.9077746050328155,0.5487746050328208,0.8589453855320393,0.4999453855320446,0.9077746050328155,0.5487746050328208,0.04882921950077623,1,cold_start
2024,2024,melbourne,after_fp3,PIA,Melbourne,2024/melbourne,16,0.6569999999999965,0.7776061373491838,0.12060613734918735,0.7219773873371785,0.06497738733718206,0.7776061373491838,0.12060613734918735,0.05562875001200529,1,cold_start
2024,2024,melbourne,after_fp3,RIC,Melbourne,2024/melbourne,16,1.5509999999999877,1.456906953153437,0.09409304684655062,1.4976154920287104,0.05338450797127736,1.456906953153437,0.09409304684655062,0.04070853887527326,1,cold_start
2024,2024,melbourne,after_fp3,RUS,Melbourne,2024/melbourne,16,0.8089999999999975,0.4672861732473803,0.3417138267526172,0.4429964120290938,0.3660035879709037,0.4672861732473803,0.3417138267526172,-0.02428976121828652,1,cold_start
2024,2024,melbourne,after_fp3,SAI,Melbourne,2024/melbourne,16,0.269999999999996,0.2968974355691418,0.026897435569145756,0.285151491495792,0.015151491495795977,0.2968974355691418,0.026897435569145756,0.011745944073349779,1,cold_start
2024,2024,melbourne,after_fp3,STR,Melbourne,2024/melbourne,16,0.8649999999999949,0.4038665001434509,0.461133499856544,0.47633319853583367,0.3886668014641612,0.4038665001434509,0.461133499856544,0.07246669839238279,1,cold_start
2024,2024,melbourne,after_fp3,TSU,Melbourne,2024/melbourne,16,0.8729999999999905,1.1747075787448522,0.30170757874486176,1.0891284170612017,0.21612841706121122,1.1747075787448522,0.30170757874486176,0.08557916168365054,1,cold_start
2024,2024,melbourne,after_fp3,VER,Melbourne,2024/melbourne,16,0.0,0.268101604966555,0.268101604966555,0.27006156638464185,0.27006156638464185,0.268101604966555,0.268101604966555,-0.001959961418086853,1,cold_start
2024,2024,melbourne,after_fp3,ZHO,Melbourne,2024/melbourne,16,2.272999999999996,1.6541636216699194,0.6188363783300768,1.6109089038395092,0.6620910961604869,1.6541636216699194,0.6188363783300768,-0.04325471783041013,1,cold_start
2024,2024,suzuka,after_fp3,ALB,Suzuka,2024/suzuka,17,1.516999999999996,1.565918085279508,0.048918085279512136,1.5287771027143342,0.011777102714338294,1.565918085279508,0.048918085279512136,0.03714098256517384,2,cold_start
2024,2024,suzuka,after_fp3,ALO,Suzuka,2024/suzuka,17,0.4890000000000043,0.7891274333199424,0.3001274333199381,0.8192631116920555,0.33026311169205114,0.7891274333199424,0.3001274333199381,-0.03013567837211306,2,cold_start
2024,2024,suzuka,after_fp3,BOT,Suzuka,2024/suzuka,17,1.3960000000000008,1.4367760228336186,0.04077602283361781,1.3944765101113907,0.0015234898886100634,1.4367760228336186,0.04077602283361781,0.039252532945007745,2,cold_start
2024,2024,suzuka,after_fp3,GAS,Suzuka,2024/suzuka,17,1.921999999999997,1.6616336372401697,0.2603663627598274,1.6246236959575655,0.29737630404243154,1.6616336372401697,0.2603663627598274,-0.03700994128260415,2,cold_start
2024,2024,suzuka,after_fp3,HAM,Suzuka,2024/suzuka,17,0.5690000000000026,0.4422213803989184,0.12677861960108422,0.4597941065900575,0.10920589340994513,0.4422213803989184,0.12677861960108422,0.017572726191139088,2,cold_start
2024,2024,suzuka,after_fp3,HUL,Suzuka,2024/suzuka,17,1.296999999999997,1.6951660243837765,0.39816602438377946,1.67904373570867,0.382043735708673,1.6951660243837765,0.39816602438377946,0.016122288675106455,2,cold_start
2024,2024,suzuka,after_fp3,LEC,Suzuka,2024/suzuka,17,0.5889999999999986,0.7662932470726161,0.1772932470726175,0.8462563544977769,0.2572563544977783,0.7662932470726161,0.1772932470726175,-0.07996310742516077,2,cold_start
2024,2024,suzuka,after_fp3,MAG,Suzuka,2024/suzuka,17,1.9339999999999975,1.8886397508057065,0.04536024919429105,1.7944741735089258,0.1395258264910717,1.8886397508057065,0.04536024919429105,-0.09416557729678066,2,cold_start
2024,2024,suzuka,after_fp3,NOR,Suzuka,2024/suzuka,17,0.2920000000000016,0.8359751959497262,0.5439751959497247,0.8429022914946236,0.550902291494622,0.8359751959497262,0.5439751959497247,-0.006927095544897344,2,cold_start
2024,2024,suzuka,after_fp3,OCO,Suzuka,2024/suzuka,17,1.6140000000000043,1.752441620092253,0.1384416200922487,1.6567838818691405,0.042783881869136176,1.752441620092253,0.1384416200922487,0.09565773822311252,2,cold_start
2024,2024,suzuka,after_fp3,PER,Suzuka,2024/suzuka,17,0.0660000000000025,0.6777644714107194,0.6117644714107169,0.6885434178816063,0.6225434178816038,0.6777644714107194,0.6117644714107169,-0.010778946470886952,2,cold_start
2024,2024,suzuka,after_fp3,PIA,Suzuka,2024/suzuka,17,0.5630000000000024,0.46060000580192306,0.10239999419807932,0.5130049231334383,0.049995076866564125,0.46060000580192306,0.10239999419807932,0.0524049173315152,2,cold_start
2024,2024,suzuka,after_fp3,RIC,Suzuka,2024/suzuka,17,1.2749999999999915,1.2462017534590633,0.02879824654092822,1.3124341436095392,0.037434143609547776,1.2462017534590633,0.02879824654092822,-0.008635897068619558,2,cold_start
2024,2024,suzuka,after_fp3,RUS,Suzuka,2024/suzuka,17,0.8109999999999928,0.7661456339110496,0.04485436608894322,0.751088682299786,0.059911317700206856,0.7661456339110496,0.04485436608894322,-0.015056951611263636,2,cold_start
2024,2024,suzuka,after_fp3,SAI,Suzuka,2024/suzuka,17,0.48499999999999943,0.8812159195048467,0.39621591950484725,0.9503000602627358,0.4653000602627364,0.8812159195048467,0.39621591950484725,-0.06908414075788916,2,cold_start
2024,2024,suzuka,after_fp3,SAR,Suzuka,2024/suzuka,17,1.941999999999993,2.094032187615189,0.152032187615196,2.1274128515415467,0.18541285154155362,2.094032187615189,0.152032187615196,-0.033380663926357634,2,cold_start
2024,2024,suzuka,after_fp3,STR,Suzuka,2024/suzuka,17,1.8269999999999982,1.8534375726551575,0.026437572655159336,1.9083767898834378,0.08137678988343966,1.8534375726551575,0.026437572655159336,-0.054939217228280324,2,cold_start
2024,2024,suzuka,after_fp3,TSU,Suzuka,2024/suzuka,17,1.215999999999994,0.8390122253515457,0.37698777464844824,0.9056719829065795,0.3103280170934145,0.8390122253515457,0.37698777464844824,0.06665975755503373,2,cold_start
2024,2024,suzuka,after_fp3,VER,Suzuka,2024/suzuka,17,0.0,0.6511677457036761,0.6511677457036761,0.5937908699952036,0.5937908699952036,0.6511677457036761,0.6511677457036761,0.0573768757084725,2,cold_start
2024,2024,suzuka,after_fp3,ZHO,Suzuka,2024/suzuka,17,1.945999999999998,1.9090362221266042,0.03696377787339378,1.8642788291119132,0.08172117088808473,1.9090362221266042,0.03696377787339378,-0.04475739301469095,2,cold_start
2024,2024,imola,after_fp3,ALB,Imola,2024/imola,18,1.4540000000000077,1.5841509781384664,0.13015097813845866,1.6259895632501737,0.171989563250166,1.5841509781384664,0.13015097813845866,-0.04183858511170735,3,cold_start
2024,2024,imola,after_fp3,ALO,Imola,2024/imola,18,2.1710000000000065,1.512780498313468,0.6582195016865384,1.5758308280934243,0.5951691719065821,1.512780498313468,0.6582195016865384,0.06305032977995628,3,cold_start
2024,2024,imola,after_fp3,BOT,Imola,2024/imola,18,1.8800000000000097,1.5533026982976403,0.3266973017023693,1.6186599655746323,0.26134003442537734,1.5533026982976403,0.3266973017023693,0.06535726727699198,3,cold_start
2024,2024,imola,after_fp3,GAS,Imola,2024/imola,18,1.2690000000000055,1.8750882469214776,0.6060882469214721,2.0513518273992646,0.7823518273992591,1.8750882469214776,0.6060882469214721,-0.176263580477787,3,cold_start
2024,2024,imola,after_fp3,HAM,Imola,2024/imola,18,0.7580000000000098,0.9334188740660424,0.17541887406603263,0.9857578365684406,0.22775783656843085,0.9334188740660424,0.17541887406603263,-0.05233896250239822,3,cold_start
2024,2024,imola,after_fp3,HUL,Imola,2024/imola,18,0.8230000000000075,1.6537845533710547,0.8307845533710472,1.6908024691401076,0.8678024691401001,1.6537845533710547,0.8307845533710472,-0.03701791576905289,3,cold_start
2024,2024,imola,after_fp3,LEC,Imola,2024/imola,18,0.22400000000000375,0.3849037605242728,0.16090376052426902,0.5066032090944556,0.2826032090944518,0.3849037605242728,0.16090376052426902,-0.12169944857018278,3,cold_start
2024,2024,imola,after_fp3,MAG,Imola,2024/imola,18,2.108000000000004,2.521568113704332,0.4135681137043279,2.4335636592397023,0.3255636592396982,2.521568113704332,0.4135681137043279,0.08800445446462968,3,cold_start
2024,2024,imola,after_fp3,NOR,Imola,2024/imola,18,0.09100000000000819,0.7681008067947236,0.6771008067947154,0.6810058896282114,0.5900058896282032,0.7681008067947236,0.6771008067947154,0.08709491716651219,3,cold_start
2024,2024,imola,after_fp3,OCO,Imola,2024/imola,18,1.1600000000000108,2.6774781275997195,1.5174781275997087,2.028589161789184,0.8685891617891732,2.6774781275997195,1.5174781275997087,0.6488889658105355,3,cold_start
2024,2024,imola,after_fp3,PER,Imola,2024/imola,18,0.960000000000008,1.008968358892577,0.04896835889256912,1.1075313526163102,0.14753135261630224,1.008968358892577,0.04896835889256912,-0.09856299372373312,3,cold_start
2024,2024,imola,after_fp3,PIA,Imola,2024/imola,18,0.07399999999999807,0.9460741928315205,0.8720741928315224,0.6364290361393061,0.5624290361393081,0.9460741928315205,0.8720741928315224,0.3096451566922144,3,cold_start
2024,2024,imola,after_fp3,RIC,Imola,2024/imola,18,0.9280000000000115,1.272166862205513,0.3441668622055014,1.3099370436884892,0.3819370436884777,1.272166862205513,0.3441668622055014,-0.037770181482976284,3,cold_start
2024,2024,imola,after_fp3,RUS,Imola,2024/imola,18,0.48799999999999955,1.1303132272685585,0.642313227268559,1.0781314037632972,0.5901314037632976,1.1303132272685585,0.642313227268559,0.05218182350526135,3,cold_start
2024,2024,imola,after_fp3,SAI,Imola,2024/imola,18,0.487000000000009,0.6580634255077389,0.1710634255077299,0.6374087302084583,0.15040873020844936,0.6580634255077389,0.1710634255077299,0.020654695299280545,3,cold_start
2024,2024,imola,after_fp3,SAR,Imola,2024/imola,18,1.9849999999999994,1.8020025001471849,0.18299749985281455,1.9019474165571342,0.08305258344286526,1.8020025001471849,0.18299749985281455,0.09994491640994929,3,cold_start
2024,2024,imola,after_fp3,STR,Imola,2024/imola,18,1.2460000000000093,1.141974982078968,0.10402501792104135,1.088076341290855,0.15792365870915437,1.141974982078968,0.10402501792104135,-0.05389864078811302,3,cold_start
2024,2024,imola,after_fp3,TSU,Imola,2024/imola,18,0.612000000000009,0.959537254618294,0.347537254618285,1.0816152431676302,0.46961524316762127,0.959537254618294,0.347537254618285,-0.12207798854933627,3,cold_start
2024,2024,imola,after_fp3,VER,Imola,2024/imola,18,0.0,0.6111280169041374,0.6111280169041374,0.6390938109412709,0.6390938109412709,0.6111280169041374,0.6111280169041374,-0.027965794037133507,3,cold_start
2024,2024,imola,after_fp3,ZHO,Imola,2024/imola,18,2.088000000000008,2.025060266436153,0.06293973356385507,2.6121143741770925,0.5241143741770844,2.025060266436153,0.06293973356385507,-0.4611746406132293,3,cold_start
2024,2024,monaco,after_fp3,ALB,Monaco,2024/monaco,19,0.6779999999999973,2.590739267718635,1.9127392677186377,2.2589628232157466,1.5809628232157493,2.590739267718635,1.9127392677186377,0.33177644450288835,4,cold_start
2024,2024,monaco,after_fp3,ALO,Monaco,2024/monaco,19,1.7490000000000094,3.200526965441443,1.4515269654414338,3.256791193706852,1.5077911937068427,3.200526965441443,1.4515269654414338,-0.05626422826540889,4,cold_start
2024,2024,monaco,after_fp3,BOT,Monaco,2024/monaco,19,2.2420000000000044,2.965696590033019,0.7236965900330148,2.682395852958011,0.44039585295800654,2.965696590033019,0.7236965900330148,0.28330073707500825,4,cold_start
2024,2024,monaco,after_fp3,GAS,Monaco,2024/monaco,19,0.6260000000000048,1.5593110205623302,0.9333110205623254,1.5805724779760755,0.9545724779760707,1.5593110205623302,0.9333110205623254,-0.0212614574137453,4,cold_start
2024,2024,monaco,after_fp3,HAM,Monaco,2024/monaco,19,0.3509999999999991,2.330438325945607,1.9794383259456079,2.6086525391368975,2.2576525391368985,2.330438325945607,1.9794383259456079,-0.2782142131912906,4,cold_start
2024,2024,monaco,after_fp3,HUL,Monaco,2024/monaco,19,1.1700000000000017,1.9108879540454005,0.7408879540453988,1.9042447494035672,0.7342447494035655,1.9108879540454005,0.7408879540453988,0.006643204641833211,4,cold_start
2024,2024,monaco,after_fp3,LEC,Monaco,2024/monaco,19,0.0,3.3743520051745013,3.3743520051745013,3.8688523197468414,3.8688523197468414,3.3743520051745013,3.3743520051745013,-0.4945003145723401,4,cold_start
2024,2024,monaco,after_fp3,MAG,Monaco,2024/monaco,19,1.4549999999999983,1.7629028149331905,0.30790281493319216,1.720481358277432,0.2654813582774338,1.7629028149331905,0.30790281493319216,0.04242145665575836,4,cold_start
2024,2024,monaco,after_fp3,NOR,Monaco,2024/monaco,19,0.27200000000000557,1.8685928718110494,1.5965928718110438,2.1814451635557783,1.9094451635557728,1.8685928718110494,1.5965928718110438,-0.31285229174472895,4,cold_start
2024,2024,monaco,after_fp3,OCO,Monaco,2024/monaco,19,1.0150000000000006,2.1346301962030974,1.1196301962030968,2.185800044634338,1.1708000446343374,2.1346301962030974,1.1196301962030968,-0.05116984843124062,4,cold_start
2024,2024,monaco,after_fp3,PER,Monaco,2024/monaco,19,1.7900000000000063,4.066729986413954,2.2767299864139474,4.628761485595927,2.8387614855959207,4.066729986413954,2.2767299864139474,-0.5620314991819733,4,cold_start
2024,2024,monaco,after_fp3,PIA,Monaco,2024/monaco,19,0.15400000000001057,1.998841146857592,1.8448411468575814,1.928192206369929,1.7741922063699185,1.998841146857592,1.8448411468575814,0.0706489404876629,4,cold_start
2024,2024,monaco,after_fp3,RIC,Monaco,2024/monaco,19,1.2120000000000033,3.2921717660706658,2.0801717660706625,3.350368145049937,2.1383681450499337,3.2921717660706658,2.0801717660706625,-0.05819637897927121,4,cold_start
2024,2024,monaco,after_fp3,RUS,Monaco,2024/monaco,19,0.27300000000001035,2.0747184392518356,1.8017184392518253,2.1491481784710937,1.8761481784710834,2.0747184392518356,1.8017184392518253,-0.0744297392192581,4,cold_start
2024,2024,monaco,after_fp3,SAI,Monaco,2024/monaco,19,0.24800000000000466,2.5391374572910252,2.2911374572910206,2.826131526265057,2.5781315262650524,2.5391374572910252,2.2911374572910206,-0.2869940689740318,4,cold_start
2024,2024,monaco,after_fp3,SAR,Monaco,2024/monaco,19,1.75,2.8708671718412315,1.1208671718412315,2.936363611212018,1.186363611212018,2.8708671718412315,1.1208671718412315,-0.06549643937078642,4,cold_start
2024,2024,monaco,after_fp3,STR,Monaco,2024/monaco,19,1.2930000000000064,2.3999937277431425,1.106993727743136,2.787713674513206,1.4947136745131995,2.3999937277431425,1.106993727743136,-0.3877199467700634,4,cold_start
2024,2024,monaco,after_fp3,TSU,Monaco,2024/monaco,19,0.5880000000000081,2.334475270483031,1.7464752704830229,2.3253981566299076,1.7373981566298995,2.334475270483031,1.7464752704830229,0.009077113853123375,4,cold_start
2024,2024,monaco,after_fp3,VER,Monaco,2024/monaco,19,0.29699999999999704,2.3983370795346546,2.1013370795346575,2.9379496541010472,2.64094965410105,2.3983370795346546,2.1013370795346575,-0.5396125745663927,4,cold_start
2024,2024,monaco,after_fp3,ZHO,Monaco,2024/monaco,19,2.7580000000000098,4.233687481333041,1.475687481333031,3.904936721136226,1.1469367211362163,4.233687481333041,1.475687481333031,0.3287507601968147,4,cold_start
2024,2024,montreal,after_fp3,ALB,Montréal,2024/montreal,20,0.742999999999995,1.3895658949078762,0.6465658949078812,1.3873180595238106,0.6443180595238156,1.3895658949078762,0.6465658949078812,0.0022478353840655885,5,early_season
2024,2024,montreal,after_fp3,ALO,Montréal,2024/montreal,20,0.48599999999999,0.9423307405190877,0.4563307405190977,1.143809029761905,0.657809029761915,0.9423307405190877,0.4563307405190977,-0.2014782892428173,5,early_season
2024,2024,montreal,after_fp3,BOT,Montréal,2024/montreal,20,1.6239999999999952,3.214984110549116,1.5909841105491207,1.2354312202380946,0.38856877976190063,3.214984110549116,1.5909841105491207,1.20241533078722,5,early_season
2024,2024,montreal,after_fp3,GAS,Montréal,2024/montreal,20,1.1979999999999933,1.6279329635965618,0.4299329635965685,1.6357410654761904,0.43774106547619707,1.6279329635965618,0.4299329635965685,-0.007808101879628548,5,early_season
2024,2024,montreal,after_fp3,HAM,Montréal,2024/montreal,20,0.23699999999999477,0.6478905432969063,0.41089054329691155,0.5574671249999972,0.3204671250000024,0.6478905432969063,0.41089054329691155,0.09042341829690914,5,early_season
2024,2024,montreal,after_fp3,HUL,Montréal,2024/montreal,20,2.23599999999999,1.6480206175730543,0.5879793824269357,1.7294779523809518,0.5065220476190382,1.6480206175730543,0.5879793824269357,0.08145733480789752,5,early_season
2024,2024,montreal,after_fp3,LEC,Montréal,2024/montreal,20,0.9489999999999981,0.7528420955163042,0.19615790448369386,0.9716355059523809,0.02263550595238284,0.7528420955163042,0.19615790448369386,0.17352239853131102,5,early_season
2024,2024,montreal,after_fp3,MAG,Montréal,2024/montreal,20,1.1739999999999924,1.2232445024311096,0.04924450243111722,1.1982496071428586,0.02424960714286617,1.2232445024311096,0.04924450243111722,0.02499489528825105,5,early_season
2024,2024,montreal,after_fp3,NOR,Montréal,2024/montreal,20,0.27899999999999636,0.907082363394698,0.6280823633947017,0.9851124404761896,0.7061124404761933,0.907082363394698,0.6280823633947017,-0.07803007708149157,5,early_season
2024,2024,montreal,after_fp3,OCO,Montréal,2024/montreal,20,1.6929999999999978,1.586779190604714,0.10622080939528389,1.6358501666666667,0.057149833333331124,1.586779190604714,0.10622080939528389,0.049070976061952765,5,early_season
2024,2024,montreal,after_fp3,PER,Montréal,2024/montreal,20,1.583999999999989,1.0871692019656114,0.4968307980343776,1.1665672797619047,0.4174327202380843,1.0871692019656114,0.4968307980343776,0.07939807779629326,5,early_season
2024,2024,montreal,after_fp3,PIA,Montréal,2024/montreal,20,0.36099999999999,1.058799887575428,0.6977998875754381,1.060882160714285,0.6998821607142951,1.058799887575428,0.6977998875754381,-0.002082273138857005,5,early_season
2024,2024,montreal,after_fp3,RIC,Montréal,2024/montreal,20,0.43599999999999284,1.0377968954737908,0.601796895473798,1.08584431547619,0.6498443154761973,1.0377968954737908,0.601796895473798,-0.048047420002399255,5,early_season
2024,2024,montreal,after_fp3,RUS,Montréal,2024/montreal,20,0.0,0.6991369149694883,0.6991369149694883,0.6177517539682519,0.6177517539682519,0.6991369149694883,0.6991369149694883,0.08138516100123638,5,early_season
2024,2024,montreal,after_fp3,SAI,Montréal,2024/montreal,20,0.98599999999999,1.3120007145293269,0.3260007145293369,1.1606809285714288,0.1746809285714388,1.3120007145293269,0.3260007145293369,0.15131978595789808,5,early_season
2024,2024,montreal,after_fp3,SAR,Montréal,2024/montreal,20,0.9939999999999998,1.5106495137163798,0.51664951371638,1.3222917083333334,0.32829170833333365,1.5106495137163798,0.51664951371638,0.18835780538304636,5,early_season
2024,2024,montreal,after_fp3,STR,Montréal,2024/montreal,20,0.9170000000000016,1.0762526062031454,0.15925260620314385,0.6191876944444412,0.2978123055555604,1.0762526062031454,0.15925260620314385,-0.13855969935241652,5,early_season
2024,2024,montreal,after_fp3,TSU,Montréal,2024/montreal,20,0.5609999999999928,1.578229539306673,1.0172295393066801,1.7522779821428565,1.1912779821428636,1.578229539306673,1.0172295393066801,-0.17404844283618348,5,early_season
2024,2024,montreal,after_fp3,VER,Montréal,2024/montreal,20,0.25799999999999557,0.993582829870052,0.7355828298700564,0.6372309107142828,0.3792309107142873,0.993582829870052,0.7355828298700564,0.35635191915576914,5,early_season
2024,2024,montreal,after_fp3,ZHO,Montréal,2024/montreal,20,2.549999999999997,3.8431391450161105,1.2931391450161134,1.615644496031746,0.9343555039682512,3.8431391450161105,1.2931391450161134,0.3587836410478622,5,early_season
2024,2024,barcelona,after_fp3,ALB,Barcelona,2024/barcelona,21,1.7700000000000102,0.9718778874042421,0.7981221125957682,1.0850224664502164,0.6849775335497938,0.9718778874042421,0.7981221125957682,0.1131445790459743,6,early_season
2024,2024,barcelona,after_fp3,ALO,Barcelona,2024/barcelona,21,0.7450000000000045,0.9988508221588916,0.2538508221588871,0.9837975204672783,0.23879752046727376,0.9988508221588916,0.2538508221588871,0.015053301691613341,6,early_season
2024,2024,barcelona,after_fp3,BOT,Barcelona,2024/barcelona,21,0.8440000000000083,1.2671837140756765,0.42318371407566824,1.1007520277777783,0.25675202777776995,1.2671837140756765,0.42318371407566824,0.16643168629789828,6,early_season
2024,2024,barcelona,after_fp3,GAS,Barcelona,2024/barcelona,21,0.47400000000000375,1.1455857436122308,0.671585743612227,1.0302326587301607,0.5562326587301569,1.1455857436122308,0.671585743612227,0.11535308488207008,6,early_season
2024,2024,barcelona,after_fp3,HAM,Barcelona,2024/barcelona,21,0.31799999999999784,0.4513370952230706,0.13333709522307274,0.31559878170923306,0.002401218290764784,0.4513370952230706,0.13333709522307274,0.13093587693230796,6,early_season
2024,2024,barcelona,after_fp3,HUL,Barcelona,2024/barcelona,21,0.9270000000000067,1.3146622467847593,0.3876622467847526,1.0766197361111116,0.1496197361111049,1.3146622467847593,0.3876622467847526,0.23804251067364768,6,early_season
2024,2024,barcelona,after_fp3,LEC,Barcelona,2024/barcelona,21,0.347999999999999,0.5913369900902831,0.2433369900902841,0.2976645838376592,0.050335416162339774,0.5913369900902831,0.2433369900902841,0.19300157392794431,6,early_season
2024,2024,barcelona,after_fp3,MAG,Barcelona,2024/barcelona,21,1.554000000000002,1.4379869454369725,0.11601305456302957,1.2799436130952382,0.27405638690476386,1.4379869454369725,0.11601305456302957,-0.1580433323417343,6,early_season
2024,2024,barcelona,after_fp3,NOR,Barcelona,2024/barcelona,21,0.0,0.19170294979317254,0.19170294979317254,0.23719999469069528,0.23719999469069528,0.19170294979317254,0.19170294979317254,-0.04549704489752274,6,early_season
2024,2024,barcelona,after_fp3,OCO,Barcelona,2024/barcelona,21,0.7259999999999991,0.9717746067941093,0.24577460679411023,0.9846408373015888,0.2586408373015897,0.9717746067941093,0.24577460679411023,-0.012866230507479481,6,early_season
2024,2024,barcelona,after_fp3,PER,Barcelona,2024/barcelona,21,0.6710000000000065,0.8037780083406689,0.13277800834066245,0.7517354143217898,0.08073541432178333,0.8037780083406689,0.13277800834066245,0.05204259401887912,6,early_season
2024,2024,barcelona,after_fp3,PIA,Barcelona,2024/barcelona,21,0.6280000000000001,1.0446386522490512,0.41663865224905106,0.9953999444444459,0.3673999444444458,1.0446386522490512,0.41663865224905106,0.049238707804605264,6,early_season
2024,2024,barcelona,after_fp3,RIC,Barcelona,2024/barcelona,21,1.6920000000000073,1.3989039375368515,0.2930960624631558,1.6868631111111119,0.005136888888895408,1.3989039375368515,0.2930960624631558,0.2879591735742604,6,early_season
2024,2024,barcelona,after_fp3,RUS,Barcelona,2024/barcelona,21,0.3200000000000074,0.3841537796161083,0.06415377961610091,0.33119699336774333,0.011196993367735941,0.3841537796161083,0.06415377961610091,0.05295678624836497,6,early_season
2024,2024,barcelona,after_fp3,SAI,Barcelona,2024/barcelona,21,0.35300000000000864,0.20525518534521506,0.14774481465479358,0.2669835042505794,0.08601649574942927,0.20525518534521506,0.14774481465479358,0.061728318905364316,6,early_season
2024,2024,barcelona,after_fp3,SAR,Barcelona,2024/barcelona,21,2.1260000000000048,2.3649558287079926,0.23895582870798782,1.9038848273809534,0.22211517261905134,2.3649558287079926,0.23895582870798782,0.01684065608893648,6,early_season
2024,2024,barcelona,after_fp3,STR,Barcelona,2024/barcelona,21,0.9890000000000043,1.6536439197343438,0.6646439197343395,1.7564585892857145,0.7674585892857102,1.6536439197343438,0.6646439197343395,-0.10281466955137075,6,early_season
2024,2024,barcelona,after_fp3,TSU,Barcelona,2024/barcelona,21,1.6020000000000039,1.5143546947029902,0.08764530529701364,1.7827225059523806,0.1807225059523767,1.5143546947029902,0.08764530529701364,-0.09307720065536307,6,early_season
2024,2024,barcelona,after_fp3,VER,Barcelona,2024/barcelona,21,0.020000000000010232,0.3329585142694213,0.31295851426941107,0.2719338768037512,0.25193387680374096,0.3329585142694213,0.31295851426941107,0.061024637465670106,6,early_season
2024,2024,barcelona,after_fp3,ZHO,Barcelona,2024/barcelona,21,1.355000000000004,1.6955546631351308,0.34055466313512683,1.8420403571428576,0.48704035714285365,1.6955546631351308,0.34055466313512683,-0.14648569400772682,6,early_season
2024,2024,silverstone,after_fp3,ALB,Silverstone,2024/silverstone,22,0.820999999999998,2.3600813907357994,1.5390813907358014,1.6023836309523807,0.7813836309523827,2.3600813907357994,1.5390813907358014,0.7576977597834187,7,early_season
2024,2024,silverstone,after_fp3,ALO,Silverstone,2024/silverstone,22,0.9110000000000014,1.6055060112625517,0.6945060112625503,1.4177699482600739,0.5067699482600725,1.6055060112625517,0.6945060112625503,0.1877360630024778,7,early_season
2024,2024,silverstone,after_fp3,BOT,Silverstone,2024/silverstone,22,6.611999999999995,3.228953129296672,3.3830468707033226,1.6280308809523811,4.983969119047614,3.228953129296672,3.3830468707033226,-1.600922248344291,7,early_season
2024,2024,silverstone,after_fp3,GAS,Silverstone,2024/silverstone,22,13.985,1.7307830002248712,12.254216999775128,1.2671903701298708,12.717809629870128,1.7307830002248712,12.254216999775128,-0.4635926300950004,7,early_season
2024,2024,silverstone,after_fp3,HAM,Silverstone,2024/silverstone,22,0.17099999999999227,0.9699651860921746,0.7989651860921824,0.3263111018907553,0.15531110189076303,0.9699651860921746,0.7989651860921824,0.6436540842014193,7,early_season
2024,2024,silverstone,after_fp3,HUL,Silverstone,2024/silverstone,22,0.5189999999999912,2.26165386283131,1.7426538628313186,1.44351375,0.9245137500000087,2.26165386283131,1.7426538628313186,0.8181401128313099,7,early_season
2024,2024,silverstone,after_fp3,LEC,Silverstone,2024/silverstone,22,1.2779999999999916,1.112870218685518,0.16512978131447364,0.67457364309057,0.6034263569094216,1.112870218685518,0.16512978131447364,-0.43829657559494795,7,early_season
2024,2024,silverstone,after_fp3,MAG,Silverstone,2024/silverstone,22,7.0859999999999985,3.4828144612514267,3.603185538748572,1.9648275059523823,5.121172494047617,3.4828144612514267,3.603185538748572,-1.5179869552990448,7,early_season
2024,2024,silverstone,after_fp3,NOR,Silverstone,2024/silverstone,22,0.21099999999999852,0.5574301673896865,0.346430167389688,0.25273366499676775,0.041733664996769226,0.5574301673896865,0.346430167389688,0.3046965023929188,7,early_season
2024,2024,silverstone,after_fp3,OCO,Silverstone,2024/silverstone,22,8.738,3.3597406747440677,5.378259325255932,1.659617378968254,7.0783826210317455,3.3597406747440677,5.378259325255932,-1.7001232957758132,7,early_season
2024,2024,silverstone,after_fp3,PER,Silverstone,2024/silverstone,22,12.528999999999996,1.7359533472343076,10.793046652765689,1.5157885158730164,11.01321148412698,1.7359533472343076,10.793046652765689,-0.2201648313612914,7,early_season
2024,2024,silverstone,after_fp3,PIA,Silverstone,2024/silverstone,22,0.41799999999999216,1.2890241908886375,0.8710241908886454,0.8734489841269838,0.45544898412699164,1.2890241908886375,0.8710241908886454,0.4155752067616537,7,early_season
2024,2024,silverstone,after_fp3,RIC,Silverstone,2024/silverstone,22,2.1299999999999955,4.060097465121242,1.9300974651212464,1.6872039181096687,0.4427960818903267,4.060097465121242,1.9300974651212464,1.4873013832309196,7,early_season
2024,2024,silverstone,after_fp3,RUS,Silverstone,2024/silverstone,22,0.0,0.8979032249510582,0.8979032249510582,0.28233957212885086,0.28233957212885086,0.8979032249510582,0.8979032249510582,0.6155636528222074,7,early_season
2024,2024,silverstone,after_fp3,SAI,Silverstone,2024/silverstone,22,0.6899999999999977,1.3514728248768972,0.6614728248768995,0.4020569984935001,0.28794300150649765,1.3514728248768972,0.6614728248768995,0.37352982337040186,7,early_season
2024,2024,silverstone,after_fp3,SAR,Silverstone,2024/silverstone,22,1.3559999999999945,2.7362278469818078,1.3802278469818132,1.742321876443001,0.38632187644300653,2.7362278469818078,1.3802278469818132,0.9939059705388067,7,early_season
2024,2024,silverstone,after_fp3,STR,Silverstone,2024/silverstone,22,0.7659999999999911,2.2927179917044604,1.5267179917044693,1.4853397698412707,0.7193397698412796,2.2927179917044604,1.5267179917044693,0.8073782218631897,7,early_season
2024,2024,silverstone,after_fp3,TSU,Silverstone,2024/silverstone,22,1.4500000000000028,3.61178980676561,2.161789806765607,1.8376467579365072,0.3876467579365044,3.61178980676561,2.161789806765607,1.7741430488291026,7,early_season
2024,2024,silverstone,after_fp3,VER,Silverstone,2024/silverstone,22,0.38400000000000034,1.1004144357451435,0.7164144357451432,0.6810288081699346,0.29702880816993427,1.1004144357451435,0.7164144357451432,0.4193856275752089,7,early_season
2024,2024,silverstone,after_fp3,ZHO,Silverstone,2024/silverstone,22,2.048000000000002,4.706648654134259,2.6586486541342573,1.7688490932539682,0.2791509067460336,4.706648654134259,2.6586486541342573,2.379497747388224,7,early_season
2024,2024,budapest,after_fp3,ALB,Budapest,2024/budapest,23,1.2019999999999982,0.8268671221702969,0.3751328778297013,0.5980257060930816,0.6039742939069166,0.8268671221702969,0.3751328778297013,-0.2288414160772153,8,early_season
2024,2024,budapest,after_fp3,ALO,Budapest,2024/budapest,23,0.8160000000000025,0.9645668169552729,0.1485668169552704,1.1123875656868396,0.2963875656868371,0.9645668169552729,0.1485668169552704,-0.1478207487315667,8,early_season
2024,2024,budapest,after_fp3,BOT,Budapest,2024/budapest,23,1.1569999999999965,0.7761018251285366,0.3808981748714598,0.8825670858366883,0.2744329141633082,0.7761018251285366,0.3808981748714598,0.10646526070815165,8,early_season
2024,2024,budapest,after_fp3,GAS,Budapest,2024/budapest,23,2.938999999999993,1.625598763866397,1.313401236133596,1.714058760776391,1.2249412392236019,1.625598763866397,1.313401236133596,0.08845999690999418,8,early_season
2024,2024,budapest,after_fp3,HAM,Budapest,2024/budapest,23,0.6269999999999953,0.7654682154400341,0.13846821544003873,0.7822945763652613,0.155294576365266,0.7654682154400341,0.13846821544003873,-0.01682636092522727,8,early_season
2024,2024,budapest,after_fp3,HUL,Budapest,2024/budapest,23,1.0899999999999892,0.7833530784707492,0.30664692152924,0.7926178087554641,0.29738219124452514,0.7833530784707492,0.30664692152924,0.009264730284714862,8,early_season
2024,2024,budapest,after_fp3,LEC,Budapest,2024/budapest,23,0.6640000000000015,0.7962151282201282,0.1322151282201267,0.9445053947608819,0.28050539476088043,0.7962151282201282,0.1322151282201267,-0.14829026654075372,8,early_season
2024,2024,budapest,after_fp3,MAG,Budapest,2024/budapest,23,1.320999999999998,1.4121455368723363,0.0911455368723384,1.522557466673377,0.20155746667337904,1.4121455368723363,0.0911455368723384,-0.11041192980104064,8,early_season
2024,2024,budapest,after_fp3,NOR,Budapest,2024/budapest,23,0.0,0.21330846859599187,0.21330846859599187,0.26907283639354984,0.26907283639354984,0.21330846859599187,0.21330846859599187,-0.05576436779755797,8,early_season
2024,2024,budapest,after_fp3,OCO,Budapest,2024/budapest,23,2.8220000000000027,1.5504526836343748,1.271547316365628,1.7328459140762595,1.0891540859237432,1.5504526836343748,1.271547316365628,0.1823932304418847,8,early_season
2024,2024,budapest,after_fp3,PER,Budapest,2024/budapest,23,2.658999999999992,0.9560727079443764,1.7029272920556155,0.9647254679226112,1.6942745320773807,0.9560727079443764,1.7029272920556155,0.008652759978234892,8,early_season
2024,2024,budapest,after_fp3,PIA,Budapest,2024/budapest,23,0.02199999999999136,0.39655058520835057,0.3745505852083592,0.24196736863323995,0.2199673686332486,0.39655058520835057,0.3745505852083592,0.15458321657511062,8,early_season
2024,2024,budapest,after_fp3,RIC,Budapest,2024/budapest,23,0.9749999999999943,0.6889269951117539,0.2860730048882404,0.5964084366789304,0.3785915633210639,0.6889269951117539,0.2860730048882404,-0.09251855843282353,8,early_season
2024,2024,budapest,after_fp3,RUS,Budapest,2024/budapest,23,2.7409999999999997,0.47775316230697124,2.2632468376930284,0.3410032624296382,2.3999967375703615,0.47775316230697124,2.2632468376930284,-0.1367498998773331,8,early_season
2024,2024,budapest,after_fp3,SAI,Budapest,2024/budapest,23,0.4689999999999941,0.4034454151302482,0.06555458486974591,0.4519888023735007,0.01701119762649339,0.4034454151302482,0.06555458486974591,0.04854338724325252,8,early_season
2024,2024,budapest,after_fp3,SAR,Budapest,2024/budapest,23,1.3160000000000025,1.3099652517092522,0.006034748290750347,1.4598201369908859,0.14382013699088336,1.3099652517092522,0.006034748290750347,-0.13778538870013302,8,early_season
2024,2024,budapest,after_fp3,STR,Budapest,2024/budapest,23,0.847999999999999,1.1980988262035064,0.3500988262035074,1.269754833610368,0.4217548336103689,1.1980988262035064,0.3500988262035074,-0.07165600740686151,8,early_season
2024,2024,budapest,after_fp3,TSU,Budapest,2024/budapest,23,0.8939999999999912,0.7264286519432419,0.16757134805674934,0.8233845043327641,0.07061549566722714,0.7264286519432419,0.16757134805674934,0.0969558523895222,8,early_season
2024,2024,budapest,after_fp3,VER,Budapest,2024/budapest,23,0.04599999999999227,0.3129974046458259,0.26699740464583366,0.20617395351746448,0.1601739535174722,0.3129974046458259,0.26699740464583366,0.10682345112836145,8,early_season
2024,2024,budapest,after_fp3,ZHO,Budapest,2024/budapest,23,2.8100000000000023,1.4965722434027378,1.3134277565972645,1.8602148245414276,0.9497851754585747,1.4965722434027378,1.3134277565972645,0.36364258113868986,8,early_season
2024,2024,zandvoort,after_fp3,ALB,Zandvoort,2024/zandvoort,24,0.980000000000004,7.90143863095239,6.921438630952386,2.316566358185975,1.336566358185971,7.90143863095239,6.921438630952386,5.584872272766415,9,established_season
2024,2024,zandvoort,after_fp3,ALO,Zandvoort,2024/zandvoort,24,0.9599999999999937,4.343466396247147,3.3834663962471536,1.3917852158270967,0.43178521582710294,4.343466396247147,3.3834663962471536,2.9516811804200507,9,established_season
2024,2024,zandvoort,after_fp3,BOT,Zandvoort,2024/zandvoort,24,2.4950000000000045,1.9456506718586417,0.5493493281413628,1.3236450309495476,1.171354969050457,1.9456506718586417,0.5493493281413628,-0.6220056409090942,9,established_season
2024,2024,zandvoort,after_fp3,GAS,Zandvoort,2024/zandvoort,24,1.141999999999996,2.337413668679761,1.1954136686797652,0.7345352925768662,0.4074647074231297,2.337413668679761,1.1954136686797652,0.7879489612566355,9,established_season
2024,2024,zandvoort,after_fp3,HAM,Zandvoort,2024/zandvoort,24,1.2749999999999915,7.319546813492069,6.044546813492078,2.548284601524701,1.2732846015247095,7.319546813492069,6.044546813492078,4.771262211967368,9,established_season
2024,2024,zandvoort,after_fp3,HUL,Zandvoort,2024/zandvoort,24,1.5420000000000016,5.1437763897648745,3.601776389764873,2.36005309290889,0.8180530929088885,5.1437763897648745,3.601776389764873,2.7837232968559844,9,established_season
2024,2024,zandvoort,after_fp3,LEC,Zandvoort,2024/zandvoort,24,0.9089999999999918,8.015356346425126,7.106356346425134,2.5958079226190485,1.6868079226190567,8.015356346425126,7.106356346425134,5.419548423806077,9,established_season
2024,2024,zandvoort,after_fp3,MAG,Zandvoort,2024/zandvoort,24,1.6219999999999999,2.3473655978837082,0.7253655978837084,3.089276652837902,1.467276652837902,2.3473655978837082,0.7253655978837084,-0.7419110549541936,9,established_season
2024,2024,zandvoort,after_fp3,NOR,Zandvoort,2024/zandvoort,24,0.0,2.815230466438182,2.815230466438182,3.6647647974956317,3.6647647974956317,2.815230466438182,2.815230466438182,-0.8495343310574497,9,established_season
2024,2024,zandvoort,after_fp3,OCO,Zandvoort,2024/zandvoort,24,2.3220000000000027,3.4179127347565457,1.095912734756543,1.9658710363111194,0.35612896368888336,3.4179127347565457,1.095912734756543,0.7397837710676596,9,established_season
2024,2024,zandvoort,after_fp3,PER,Zandvoort,2024/zandvoort,24,0.742999999999995,3.875440292838563,3.132440292838568,1.935784412443334,1.192784412443339,3.875440292838563,3.132440292838568,1.9396558803952288,9,established_season
2024,2024,zandvoort,after_fp3,PIA,Zandvoort,2024/zandvoort,24,0.4989999999999952,2.1876224940510425,1.6886224940510473,3.2596862151688173,2.760686215168822,2.1876224940510425,1.6886224940510473,-1.0720637211177748,9,established_season
2024,2024,zandvoort,after_fp3,RIC,Zandvoort,2024/zandvoort,24,2.269999999999996,7.779878663597904,5.509878663597908,2.3614140068681313,0.09141400686813528,7.779878663597904,5.509878663597908,5.418464656729773,9,established_season
2024,2024,zandvoort,after_fp3,RUS,Zandvoort,2024/zandvoort,24,0.570999999999998,7.121320635775223,6.550320635775225,1.9043329079768285,1.3333329079768306,7.121320635775223,6.550320635775225,5.216987727798394,9,established_season
2024,2024,zandvoort,after_fp3,SAI,Zandvoort,2024/zandvoort,24,1.2409999999999997,5.7523537365073265,4.511353736507327,2.0795352232834174,0.8385352232834178,5.7523537365073265,4.511353736507327,3.672818513223909,9,established_season
2024,2024,zandvoort,after_fp3,STR,Zandvoort,2024/zandvoort,24,0.9879999999999995,4.499726988211414,3.5117269882114144,3.9988472867019147,3.010847286701915,4.499726988211414,3.5117269882114144,0.5008797015094992,9,established_season
2024,2024,zandvoort,after_fp3,TSU,Zandvoort,2024/zandvoort,24,1.2819999999999965,7.430768283367277,6.14876828336728,1.6140321528359476,0.3320321528359511,7.430768283367277,6.14876828336728,5.816736130531329,9,established_season
2024,2024,zandvoort,after_fp3,VER,Zandvoort,2024/zandvoort,24,0.35599999999999454,7.0193315699488865,6.663331569948892,2.572695276377217,2.2166952763772225,7.0193315699488865,6.663331569948892,4.44663629357167,9,established_season
2024,2024,zandvoort,after_fp3,ZHO,Zandvoort,2024/zandvoort,24,3.587999999999994,6.155828306465972,2.5678283064659784,2.38887838836519,1.199121611634804,6.155828306465972,2.5678283064659784,1.3687066948311744,9,established_season
2024,2024,monza,after_fp3,ALB,Monza,2024/monza,25,0.9720000000000084,0.7251687392566417,0.2468312607433667,0.7475558542523598,0.2244441457476486,0.7475558542523598,0.2244441457476486,0.022387114995718105,10,established_season
2024,2024,monza,after_fp3,ALO,Monza,2024/monza,25,1.0940000000000083,0.8303529828577859,0.2636470171422224,0.8899589603151763,0.204041039684832,0.8899589603151763,0.204041039684832,0.05960597745739038,10,established_season
2024,2024,monza,after_fp3,BOT,Monza,2024/monza,25,1.774000000000001,1.299893046254671,0.47410695374532996,1.2580786145721579,0.515921385427843,1.2580786145721579,0.515921385427843,-0.04181443168251309,10,established_season
2024,2024,monza,after_fp3,COL,Monza,2024/monza,25,1.7340000000000089,1.255647131997311,0.47835286800269783,1.3193128977536812,0.41468710224632765,1.3193128977536812,0.41468710224632765,0.06366576575637017,10,established_season
2024,2024,monza,after_fp3,GAS,Monza,2024/monza,25,1.4110000000000014,1.2831444750971739,0.12785552490282748,1.457342845457905,0.04634284545790357,1.457342845457905,0.04634284545790357,0.08151267944492391,10,established_season
2024,2024,monza,after_fp3,HAM,Monza,2024/monza,25,0.18600000000000705,0.1454157279223781,0.040584272077628936,0.20817910217573782,0.02217910217573077,0.20817910217573782,0.02217910217573077,0.018405169901898166,10,established_season
2024,2024,monza,after_fp3,HUL,Monza,2024/monza,25,1.0120000000000005,0.7802733118078327,0.2317266881921678,0.7327066044511448,0.2792933955488557,0.7327066044511448,0.2792933955488557,-0.04756670735668789,10,established_season
2024,2024,monza,after_fp3,LEC,Monza,2024/monza,25,0.13400000000000034,0.25977849829210464,0.1257784982921043,0.27709778714260525,0.1430977871426049,0.27709778714260525,0.1430977871426049,-0.017319288850500603,10,established_season
2024,2024,monza,after_fp3,MAG,Monza,2024/monza,25,1.3709999999999951,1.1572127067562483,0.2137872932437468,1.1384872021531738,0.23251279784682133,1.1384872021531738,0.23251279784682133,-0.01872550460307454,10,established_season
2024,2024,monza,after_fp3,NOR,Monza,2024/monza,25,0.0,0.3263569690536487,0.3263569690536487,0.3830076025233694,0.3830076025233694,0.3830076025233694,0.3830076025233694,-0.05665063346972071,10,established_season
2024,2024,monza,after_fp3,OCO,Monza,2024/monza,25,1.4369999999999976,1.4755683000918693,0.03856830009187173,1.6432107153606983,0.20621071536070068,1.6432107153606983,0.20621071536070068,-0.16764241526882895,10,established_season
2024,2024,monza,after_fp3,PER,Monza,2024/monza,25,0.7349999999999994,1.6863648373749722,0.9513648373749728,2.0147968446975613,1.2797968446975618,2.0147968446975613,1.2797968446975618,-0.32843200732258904,10,established_season
2024,2024,monza,after_fp3,PIA,Monza,2024/monza,25,0.10900000000000887,0.4768058252116205,0.36780582521161165,0.4382637143300533,0.3292637143300444,0.4382637143300533,0.3292637143300444,0.038542110881567226,10,established_season
2024,2024,monza,after_fp3,RIC,Monza,2024/monza,25,1.152000000000001,1.18450942774467,0.03250942774466892,1.0556619440639574,0.09633805593604361,1.0556619440639574,0.09633805593604361,-0.06382862819137469,10,established_season
2024,2024,monza,after_fp3,RUS,Monza,2024/monza,25,0.11299999999999955,0.3561584786006142,0.24315847860061468,0.394987313311807,0.28198731331180743,0.394987313311807,0.28198731331180743,-0.03882883471119275,10,established_season
2024,2024,monza,after_fp3,SAI,Monza,2024/monza,25,0.14000000000000057,0.44273599445591516,0.3027359944559146,0.5930922330035187,0.4530922330035181,0.5930922330035187,0.4530922330035181,-0.1503562385476035,10,established_season
2024,2024,monza,after_fp3,STR,Monza,2024/monza,25,1.686000000000007,1.306625145794543,0.379374854205464,1.1485804373061335,0.5374195626938736,1.1485804373061335,0.5374195626938736,-0.15804470848840957,10,established_season
2024,2024,monza,after_fp3,TSU,Monza,2024/monza,25,1.617999999999995,1.3929986716490796,0.22500132835091535,1.6212265667345418,0.0032265667345467985,1.6212265667345418,0.0032265667345467985,0.22177476161636855,10,established_season
2024,2024,monza,after_fp3,VER,Monza,2024/monza,25,0.33500000000000796,0.4544372981137102,0.11943729811370224,0.3834287575083764,0.04842875750836845,0.3834287575083764,0.04842875750836845,0.07100854060533379,10,established_season
2024,2024,monza,after_fp3,ZHO,Monza,2024/monza,25,2.117999999999995,2.040479248435511,0.07752075156448379,2.0203220027133804,0.09767799728661464,2.0203220027133804,0.09767799728661464,-0.020157245722130845,10,established_season
2024,2024,yas-island,after_fp3,ALB,Yas Island,2024/yas-island,26,1.225999999999999,1.1162066223248397,0.1097933776751594,1.072050993162258,0.15394900683774115,1.072050993162258,0.15394900683774115,-0.044155629162581755,11,established_season
2024,2024,yas-island,after_fp3,ALO,Yas Island,2024/yas-island,26,0.6009999999999991,1.348876675693218,0.7478766756932189,1.4483333603089654,0.8473333603089663,1.4483333603089654,0.8473333603089663,-0.09945668461574741,11,established_season
2024,2024,yas-island,after_fp3,BOT,Yas Island,2024/yas-island,26,0.6089999999999947,1.1523922928315349,0.5433922928315402,1.2671230914258844,0.6581230914258898,1.2671230914258844,0.6581230914258898,-0.11473079859434954,11,established_season
2024,2024,yas-island,after_fp3,COL,Yas Island,2024/yas-island,26,1.3170000000000073,1.6089872682177466,0.29198726821773935,1.7671099842298177,0.4501099842298104,1.7671099842298177,0.4501099842298104,-0.15812271601207106,11,established_season
2024,2024,yas-island,after_fp3,DOO,Yas Island,2024/yas-island,26,1.5100000000000051,1.677532628636901,0.1675326286368959,1.6146558317868323,0.10465583178682714,1.6146558317868323,0.10465583178682714,0.06287679685006875,11,established_season
2024,2024,yas-island,after_fp3,GAS,Yas Island,2024/yas-island,26,0.3889999999999958,1.2585244977947476,0.8695244977947518,1.174975963818365,0.7859759638183692,1.174975963818365,0.7859759638183692,0.08354853397638262,11,established_season
2024,2024,yas-island,after_fp3,HAM,Yas Island,2024/yas-island,26,1.2920000000000016,0.6751176548710397,0.6168823451289619,0.7562457254938448,0.5357542745061568,0.7562457254938448,0.5357542745061568,0.08112807062280514,11,established_season
2024,2024,yas-island,after_fp3,HUL,Yas Island,2024/yas-island,26,0.2909999999999968,0.701442925831563,0.41044292583156616,0.8641753198465638,0.573175319846567,0.8641753198465638,0.573175319846567,-0.16273239401500084,11,established_season
2024,2024,yas-island,after_fp3,LAW,Yas Island,2024/yas-island,26,0.8769999999999953,1.397910116182285,0.5209101161822896,1.522436471348306,0.6454364713483107,1.522436471348306,0.6454364713483107,-0.12452635516602117,11,established_season
2024,2024,yas-island,after_fp3,LEC,Yas Island,2024/yas-island,26,0.3850000000000051,0.6801035191268977,0.2951035191268926,0.7515716828892749,0.3665716828892698,0.7515716828892749,0.3665716828892698,-0.07146816376237719,11,established_season
2024,2024,yas-island,after_fp3,MAG,Yas Island,2024/yas-island,26,1.0370000000000061,0.9383592138934119,0.09864078610659421,0.760496808684235,0.27650319131577117,0.760496808684235,0.27650319131577117,-0.17786240520917695,11,established_season
2024,2024,yas-island,after_fp3,NOR,Yas Island,2024/yas-island,26,0.0,0.3651207404743639,0.3651207404743639,0.26999263907923954,0.26999263907923954,0.26999263907923954,0.26999263907923954,0.09512810139512434,11,established_season
2024,2024,yas-island,after_fp3,PER,Yas Island,2024/yas-island,26,0.6689999999999969,1.2148720097619952,0.5458720097619982,1.2214765360526914,0.5524765360526944,1.2214765360526914,0.5524765360526944,-0.006604526290696189,11,established_season
2024,2024,yas-island,after_fp3,PIA,Yas Island,2024/yas-island,26,0.20900000000000318,0.2647741957512275,0.05577419575122433,0.2538309648032618,0.0448309648032586,0.2538309648032618,0.0448309648032586,0.010943230947965732,11,established_season
2024,2024,yas-island,after_fp3,RUS,Yas Island,2024/yas-island,26,0.5370000000000061,1.1086632455436252,0.571663245543619,1.0017874088775747,0.46478740887756853,1.0017874088775747,0.46478740887756853,0.1068758366660505,11,established_season
2024,2024,yas-island,after_fp3,SAI,Yas Island,2024/yas-island,26,0.2289999999999992,0.5939075623232436,0.3649075623232444,0.5250206261853428,0.29602062618534364,0.5250206261853428,0.29602062618534364,0.06888693613790076,11,established_season
2024,2024,yas-island,after_fp3,STR,Yas Island,2024/yas-island,26,1.1340000000000003,1.2858701936344616,0.1518701936344613,1.4834373497312896,0.34943734973128926,1.4834373497312896,0.34943734973128926,-0.19756715609682796,11,established_season
2024,2024,yas-island,after_fp3,TSU,Yas Island,2024/yas-island,26,0.8239999999999981,1.1049700408727972,0.2809700408727991,1.1279175283054534,0.3039175283054554,1.1279175283054534,0.3039175283054554,-0.02294748743265629,11,established_season
2024,2024,yas-island,after_fp3,VER,Yas Island,2024/yas-island,26,0.3499999999999943,0.8454892621365885,0.49548926213659417,0.7824171487520408,0.4324171487520465,0.7824171487520408,0.4324171487520465,0.06307211338454766,11,established_season
2024,2024,yas-island,after_fp3,ZHO,Yas Island,2024/yas-island,26,1.2849999999999966,1.6488902698463408,0.3638902698463442,1.761940479328939,0.47694047932894246,1.761940479328939,0.47694047932894246,-0.11305020948259825,11,established_season
2025,2025,melbourne,after_fp3,ALB,Melbourne,2025/melbourne,27,0.6409999999999911,0.8331294450178324,0.19212944501784124,0.7272158412544124,0.08621584125442128,0.8331294450178324,0.19212944501784124,0.10591360376341996,0,cold_start
2025,2025,melbourne,after_fp3,ALO,Melbourne,2025/melbourne,27,1.191999999999993,1.6060361798181597,0.41403617981816665,1.577861328475716,0.38586132847572285,1.6060361798181597,0.41403617981816665,0.028174851342443796,0,cold_start
2025,2025,melbourne,after_fp3,ANT,Melbourne,2025/melbourne,27,1.429000000000002,0.9903702120914254,0.43862978790857665,0.8651086103528668,0.5638913896471353,0.9903702120914254,0.43862978790857665,-0.1252616017385586,0,cold_start
2025,2025,melbourne,after_fp3,BOR,Melbourne,2025/melbourne,27,1.4200000000000017,1.5279732227244553,0.10797322272445364,1.486146965951747,0.0661469659517453,1.5279732227244553,0.10797322272445364,0.04182625677270835,0,cold_start
2025,2025,melbourne,after_fp3,DOO,Melbourne,2025/melbourne,27,1.218999999999994,1.4351164302857862,0.21611643028579208,1.3426495412710373,0.12364954127104322,1.4351164302857862,0.21611643028579208,0.09246688901474887,0,cold_start
2025,2025,melbourne,after_fp3,GAS,Melbourne,2025/melbourne,27,0.8840000000000003,1.2575010658442012,0.37350106584420084,1.1471363766199945,0.2631363766199941,1.2575010658442012,0.37350106584420084,0.11036468922420672,0,cold_start
2025,2025,melbourne,after_fp3,HAD,Melbourne,2025/melbourne,27,1.0789999999999935,0.94887322693947,0.13012677306052356,0.9578239754735465,0.12117602452644705,0.94887322693947,0.13012677306052356,0.008950748534076514,0,cold_start
2025,2025,melbourne,after_fp3,HAM,Melbourne,2025/melbourne,27,0.8229999999999933,0.7351444682591732,0.08785553174082006,0.811474506417014,0.011525493582979274,0.7351444682591732,0.08785553174082006,0.07633003815784078,0,cold_start
2025,2025,melbourne,after_fp3,HUL,Melbourne,2025/melbourne,27,1.4829999999999899,1.4738546715676017,0.009145328432388133,1.5368197488492574,0.053819748849267546,1.4738546715676017,0.009145328432388133,-0.04467442041687941,0,cold_start
2025,2025,melbourne,after_fp3,LAW,Melbourne,2025/melbourne,27,1.9979999999999905,2.950112724646309,0.9521127246463186,2.4239203460286647,0.42592034602867423,2.950112724646309,0.9521127246463186,0.5261923786176443,0,cold_start
2025,2025,melbourne,after_fp3,LEC,Melbourne,2025/melbourne,27,0.6589999999999918,0.325953483306791,0.3330465166932008,0.37528956177844364,0.2837104382215482,0.325953483306791,0.3330465166932008,0.04933607847165261,0,cold_start
2025,2025,melbourne,after_fp3,NOR,Melbourne,2025/melbourne,27,0.0,0.3671774830846602,0.3671774830846602,0.4624843408805305,0.4624843408805305,0.3671774830846602,0.3671774830846602,-0.09530685779587028,0,cold_start
2025,2025,melbourne,after_fp3,OCO,Melbourne,2025/melbourne,27,2.051000000000002,1.8826184213157813,0.16838157868422066,2.1184040479476787,0.06740404794767674,1.8826184213157813,0.16838157868422066,0.10097753073654392,0,cold_start
2025,2025,melbourne,after_fp3,PIA,Melbourne,2025/melbourne,27,0.08400000000000318,0.35307548606054323,0.26907548606054005,0.35958209273525427,0.2755820927352511,0.35307548606054323,0.26907548606054005,-0.006506606674711035,0,cold_start
2025,2025,melbourne,after_fp3,RUS,Melbourne,2025/melbourne,27,0.45000000000000284,0.5374909689904969,0.08749096899049402,0.47819722447092466,0.028197224470921822,0.5374909689904969,0.08749096899049402,0.0592937445195722,0,cold_start
2025,2025,melbourne,after_fp3,SAI,Melbourne,2025/melbourne,27,0.8349999999999937,0.6174554007258127,0.21754459927418102,0.5831595337144553,0.25184046628553847,0.6174554007258127,0.21754459927418102,-0.03429586701135745,0,cold_start
2025,2025,melbourne,after_fp3,STR,Melbourne,2025/melbourne,27,1.2729999999999961,1.2630256514977836,0.009974348502212571,1.37194687077119,0.0989468707711938,1.2630256514977836,0.009974348502212571,-0.08897252226898122,0,cold_start
2025,2025,melbourne,after_fp3,TSU,Melbourne,2025/melbourne,27,0.5739999999999981,0.6723769212166836,0.09837692121668551,0.786757943000347,0.2127579430003489,0.6723769212166836,0.09837692121668551,-0.11438102178366338,0,cold_start
2025,2025,melbourne,after_fp3,VER,Melbourne,2025/melbourne,27,0.3849999999999909,0.5100944385034686,0.12509443850347768,0.4658087340862362,0.08080873408624528,0.5100944385034686,0.12509443850347768,0.0442857044172324,0,cold_start
2025,2025,suzuka,after_fp3,ALB,Suzuka,2025/suzuka,28,0.6319999999999908,0.7957216265100742,0.16372162651008337,0.7372458386603229,0.1052458386603321,0.7957216265100742,0.16372162651008337,0.05847578784975127,1,cold_start
2025,2025,suzuka,after_fp3,ALO,Suzuka,2025/suzuka,28,0.9140000000000015,2.4412600780018727,1.5272600780018712,2.54733266572706,1.6333326657270586,2.4412600780018727,1.5272600780018712,-0.10607258772518735,1,cold_start
2025,2025,suzuka,after_fp3,ANT,Suzuka,2025/suzuka,28,0.5720000000000027,2.1002193570413503,1.5282193570413476,2.64880936821792,2.0768093682179174,2.1002193570413503,1.5282193570413476,-0.5485900111765698,1,cold_start
2025,2025,suzuka,after_fp3,BEA,Suzuka,2025/suzuka,28,0.7279999999999944,2.600198229835128,1.8721982298351336,2.1830187867293462,1.4550187867293518,2.600198229835128,1.8721982298351336,0.4171794431057818,1,cold_start
2025,2025,suzuka,after_fp3,BOR,Suzuka,2025/suzuka,28,1.6389999999999958,2.3101166318499615,0.6711166318499657,2.0742348346739603,0.4352348346739645,2.3101166318499615,0.6711166318499657,0.23588179717600122,1,cold_start
2025,2025,suzuka,after_fp3,DOO,Suzuka,2025/suzuka,28,1.8939999999999912,2.1840269756082056,0.29002697560821433,2.115103106814166,0.22110310681417467,2.1840269756082056,0.29002697560821433,0.06892386879403967,1,cold_start
2025,2025,suzuka,after_fp3,GAS,Suzuka,2025/suzuka,28,0.8389999999999986,0.9968098814145614,0.15780988141456276,0.9539455757564445,0.11494557575644582,0.9968098814145614,0.15780988141456276,0.04286430565811694,1,cold_start
2025,2025,suzuka,after_fp3,HAD,Suzuka,2025/suzuka,28,0.5859999999999985,0.8650182012644225,0.279018201264424,1.0490511328343348,0.4630511328343363,0.8650182012644225,0.279018201264424,-0.1840329315699123,1,cold_start
2025,2025,suzuka,after_fp3,HAM,Suzuka,2025/suzuka,28,0.6269999999999953,0.5984379160451726,0.028562083954822737,0.6956163310569627,0.0686163310569674,0.5984379160451726,0.028562083954822737,-0.04005424710214467,1,cold_start
2025,2025,suzuka,after_fp3,HUL,Suzuka,2025/suzuka,28,1.586999999999989,3.5793219932265985,1.9923219932266094,3.3908151159152515,1.8038151159152624,3.5793219932265985,1.9923219932266094,0.18850687731134697,1,cold_start
2025,2025,suzuka,after_fp3,LAW,Suzuka,2025/suzuka,28,0.9230000000000018,1.3286454456944,0.4056454456943981,1.7212141098665177,0.7982141098665159,1.3286454456944,0.4056454456943981,-0.3925686641721178,1,cold_start
2025,2025,suzuka,after_fp3,LEC,Suzuka,2025/suzuka,28,0.3160000000000025,0.5591274158254806,0.24312741582547814,0.664377339920494,0.34837733992049147,0.5591274158254806,0.24312741582547814,-0.10524992409501333,1,cold_start
2025,2025,suzuka,after_fp3,NOR,Suzuka,2025/suzuka,28,0.012000000000000455,0.17628448250676543,0.16428448250676497,0.1826809450315196,0.17068094503151915,0.17628448250676543,0.16428448250676497,-0.006396462524754176,1,cold_start
2025,2025,suzuka,after_fp3,OCO,Suzuka,2025/suzuka,28,1.7129999999999939,2.4186607449190074,0.7056607449190135,2.0453651324070146,0.3323651324070207,2.4186607449190074,0.7056607449190135,0.37329561251199284,1,cold_start
2025,2025,suzuka,after_fp3,PIA,Suzuka,2025/suzuka,28,0.04399999999999693,0.539433243443428,0.4954332434434311,0.44299443389929094,0.398994433899294,0.539433243443428,0.4954332434434311,0.09643880954413708,1,cold_start
2025,2025,suzuka,after_fp3,RUS,Suzuka,2025/suzuka,28,0.33499999999999375,0.5101561354565561,0.1751561354565624,0.3182651625698591,0.016734837430134653,0.5101561354565561,0.1751561354565624,0.15842129802642774,1,cold_start
2025,2025,suzuka,after_fp3,SAI,Suzuka,2025/suzuka,28,0.8529999999999944,1.1404640975137537,0.28746409751375923,1.1763528391637736,0.3233528391637792,1.1404640975137537,0.28746409751375923,-0.035888741650019984,1,cold_start
2025,2025,suzuka,after_fp3,STR,Suzuka,2025/suzuka,28,2.2879999999999967,2.3889892109270523,0.1009892109270556,2.0535031372931227,0.23449686270687398,2.3889892109270523,0.1009892109270556,-0.13350765177981838,1,cold_start
2025,2025,suzuka,after_fp3,TSU,Suzuka,2025/suzuka,28,0.9839999999999947,1.261111432893525,0.27711143289353024,1.620791211218342,0.6367912112183474,1.261111432893525,0.27711143289353024,-0.3596797783248171,1,cold_start
2025,2025,suzuka,after_fp3,VER,Suzuka,2025/suzuka,28,0.0,0.7300590886660169,0.7300590886660169,0.7360433546514468,0.7360433546514468,0.7300590886660169,0.7300590886660169,-0.005984265985429893,1,cold_start
2025,2025,sakhir,after_fp3,ALB,Sakhir,2025/sakhir,29,2.1990000000000123,1.6275404048204758,0.5714595951795365,1.4332310238989578,0.7657689761010544,1.6275404048204758,0.5714595951795365,-0.19430938092151795,2,cold_start
2025,2025,sakhir,after_fp3,ALO,Sakhir,2025/sakhir,29,1.7930000000000064,1.617515954899107,0.17548404510089943,1.5280794964498439,0.2649205035501625,1.617515954899107,0.17548404510089943,-0.08943645844926307,2,cold_start
2025,2025,sakhir,after_fp3,ANT,Sakhir,2025/sakhir,29,0.3719999999999999,1.7592893874352507,1.3872893874352508,1.697264180914575,1.325264180914575,1.7592893874352507,1.3872893874352508,0.06202520652067567,2,cold_start
2025,2025,sakhir,after_fp3,BEA,Sakhir,2025/sakhir,29,2.5320000000000107,2.6295294366476982,0.09752943664768754,2.00186452404692,0.5301354759530907,2.6295294366476982,0.09752943664768754,-0.4326060393054032,2,cold_start
2025,2025,sakhir,after_fp3,BOR,Sakhir,2025/sakhir,29,2.345000000000013,2.307511684788376,0.03748831521163698,1.8661134604193106,0.4788865395807025,2.307511684788376,0.03748831521163698,-0.4413982243690655,2,cold_start
2025,2025,sakhir,after_fp3,DOO,Sakhir,2025/sakhir,29,1.4040000000000106,1.4957453604053441,0.09174536040533354,1.562090472499459,0.15809047249944852,1.4957453604053441,0.09174536040533354,-0.06634511209411498,2,cold_start
2025,2025,sakhir,after_fp3,GAS,Sakhir,2025/sakhir,29,0.375,1.2169921108503154,0.8419921108503154,1.1677257188636752,0.7927257188636752,1.2169921108503154,0.8419921108503154,0.04926639198664029,2,cold_start
2025,2025,sakhir,after_fp3,HAD,Sakhir,2025/sakhir,29,1.4300000000000068,1.2259914186688534,0.2040085813311534,1.490726406875787,0.06072640687578024,1.2259914186688534,0.2040085813311534,0.14328217445537317,2,cold_start
2025,2025,sakhir,after_fp3,HAM,Sakhir,2025/sakhir,29,0.9310000000000116,1.3163294451615122,0.3853294451615006,1.452255050537565,0.5212550505375535,1.3163294451615122,0.3853294451615006,-0.13592560537605292,2,cold_start
2025,2025,sakhir,after_fp3,HUL,Sakhir,2025/sakhir,29,1.8520000000000039,2.7681078923590743,0.9161078923590704,2.4387721381158403,0.5867721381158364,2.7681078923590743,0.9161078923590704,0.329335754243234,2,cold_start
2025,2025,sakhir,after_fp3,LAW,Sakhir,2025/sakhir,29,2.3240000000000123,1.6945704104357975,0.6294295895642148,1.7484524881779964,0.5755475118220159,1.6945704104357975,0.6294295895642148,0.053882077742198886,2,cold_start
2025,2025,sakhir,after_fp3,LEC,Sakhir,2025/sakhir,29,0.3340000000000032,0.7333602620186425,0.3993602620186393,0.737973581847107,0.40397358184710386,0.7333602620186425,0.3993602620186393,-0.004613319828464579,2,cold_start
2025,2025,sakhir,after_fp3,NOR,Sakhir,2025/sakhir,29,0.42600000000000193,0.37910520960547417,0.04689479039452776,0.49474029588287644,0.0687402958828745,0.37910520960547417,0.04689479039452776,-0.02184550548834674,2,cold_start
2025,2025,sakhir,after_fp3,OCO,Sakhir,2025/sakhir,29,1.7530000000000001,2.420887642031853,0.6678876420318529,1.789357139401446,0.036357139401445915,2.420887642031853,0.6678876420318529,0.631530502630407,2,cold_start
2025,2025,sakhir,after_fp3,PIA,Sakhir,2025/sakhir,29,0.0,0.312593689545601,0.312593689545601,0.22967391172565096,0.22967391172565096,0.312593689545601,0.312593689545601,0.08291977781995005,2,cold_start
2025,2025,sakhir,after_fp3,RUS,Sakhir,2025/sakhir,29,0.16800000000000637,1.2098911527257679,1.0418911527257615,1.2987542215908545,1.1307542215908482,1.2098911527257679,1.0418911527257615,-0.08886306886508666,2,cold_start
2025,2025,sakhir,after_fp3,SAI,Sakhir,2025/sakhir,29,0.8390000000000128,1.5285000568271427,0.6895000568271299,1.7188423206914465,0.8798423206914336,1.5285000568271427,0.6895000568271299,-0.19034226386430375,2,cold_start
2025,2025,sakhir,after_fp3,STR,Sakhir,2025/sakhir,29,2.4420000000000073,2.4952528777522223,0.05325287775221499,2.196084281585192,0.2459157184148153,2.4952528777522223,0.05325287775221499,-0.1926628406626003,2,cold_start
2025,2025,sakhir,after_fp3,TSU,Sakhir,2025/sakhir,29,1.3870000000000005,3.1671705077160333,1.7801705077160328,2.781799721952285,1.3947997219522845,3.1671705077160333,1.7801705077160328,0.3853707857637483,2,cold_start
2025,2025,sakhir,after_fp3,VER,Sakhir,2025/sakhir,29,0.5820000000000078,1.6212505876920145,1.0392505876920066,1.9398650943066336,1.3578650943066257,1.6212505876920145,1.0392505876920066,-0.3186145066146191,2,cold_start
2025,2025,jeddah,after_fp3,ALB,Jeddah,2025/jeddah,30,0.8149999999999977,0.79150494655101,0.023495053448987724,0.660408843992722,0.1545911560072757,0.79150494655101,0.023495053448987724,-0.13109610255828796,3,cold_start
2025,2025,jeddah,after_fp3,ALO,Jeddah,2025/jeddah,30,1.0090000000000003,1.492877219360616,0.48387721936061556,1.5806932201822612,0.5716932201822609,1.492877219360616,0.48387721936061556,-0.08781600082164531,3,cold_start
2025,2025,jeddah,after_fp3,ANT,Jeddah,2025/jeddah,30,0.5040000000000049,1.070395402739781,0.5663954027397762,1.0199915439545197,0.5159915439545149,1.070395402739781,0.5663954027397762,0.050403858785261324,3,cold_start
2025,2025,jeddah,after_fp3,BEA,Jeddah,2025/jeddah,30,1.2420000000000044,2.132683683117252,0.8906836831172478,1.7814764144463096,0.5394764144463051,2.132683683117252,0.8906836831172478,0.35120726867094265,3,cold_start
2025,2025,jeddah,after_fp3,BOR,Jeddah,2025/jeddah,30,2.1680000000000064,1.8723012852196783,0.29569871478032805,1.9108957410506597,0.25710425894934663,1.8723012852196783,0.29569871478032805,0.03859445583098142,3,cold_start
2025,2025,jeddah,after_fp3,DOO,Jeddah,2025/jeddah,30,1.4450000000000074,1.5722178300764784,0.12721783007647103,1.7451025473775181,0.30010254737751074,1.5722178300764784,0.12721783007647103,-0.17288471730103971,3,cold_start
2025,2025,jeddah,after_fp3,GAS,Jeddah,2025/jeddah,30,0.7310000000000088,0.9654744750807163,0.2344744750807075,0.796091270774258,0.06509127077424925,0.9654744750807163,0.2344744750807075,0.16938320430645826,3,cold_start
2025,2025,jeddah,after_fp3,HAD,Jeddah,2025/jeddah,30,1.1240000000000094,1.4771268752366682,0.35312687523665875,1.6160434411551978,0.4920434411551884,1.4771268752366682,0.35312687523665875,-0.13891656591852963,3,cold_start
2025,2025,jeddah,after_fp3,HAM,Jeddah,2025/jeddah,30,0.8080000000000069,1.3081777655977804,0.5001777655977735,1.1489488984310676,0.3409488984310607,1.3081777655977804,0.5001777655977735,0.1592288671667128,3,cold_start
2025,2025,jeddah,after_fp3,HUL,Jeddah,2025/jeddah,30,1.4879999999999995,1.6865941160118068,0.1985941160118072,1.6311683815709643,0.1431683815709648,1.6865941160118068,0.1985941160118072,0.05542573444084242,3,cold_start
2025,2025,jeddah,after_fp3,LAW,Jeddah,2025/jeddah,30,0.8970000000000056,1.5092211900286627,0.6122211900286572,1.6226471697382656,0.72564716973826,1.5092211900286627,0.6122211900286572,-0.11342597970960289,3,cold_start
2025,2025,jeddah,after_fp3,LEC,Jeddah,2025/jeddah,30,0.3760000000000048,0.6337496376433215,0.2577496376433167,0.5369405584254238,0.160940558425419,0.6337496376433215,0.2577496376433167,0.09680907921789772,3,cold_start
2025,2025,jeddah,after_fp3,NOR,Jeddah,2025/jeddah,30,0.1869999999999976,0.1544204933417572,0.032579506658240415,0.12512497761612787,0.06187502238386974,0.1544204933417572,0.032579506658240415,-0.02929551572562933,3,cold_start
2025,2025,jeddah,after_fp3,OCO,Jeddah,2025/jeddah,30,1.7980000000000018,1.8796197110025232,0.08161971100252141,1.896423536513392,0.09842353651339009,1.8796197110025232,0.08161971100252141,-0.016803825510868675,3,cold_start
2025,2025,jeddah,after_fp3,PIA,Jeddah,2025/jeddah,30,0.010000000000005116,0.1408482673244635,0.1308482673244584,0.15522406180728712,0.145224061807282,0.1408482673244635,0.1308482673244584,-0.014375794482823612,3,cold_start
2025,2025,jeddah,after_fp3,RUS,Jeddah,2025/jeddah,30,0.11299999999999955,0.6190909839080447,0.5060909839080452,0.5437694620636914,0.4307694620636918,0.6190909839080447,0.5060909839080452,0.07532152184435337,3,cold_start
2025,2025,jeddah,after_fp3,SAI,Jeddah,2025/jeddah,30,0.730000000000004,0.7967426218405342,0.06674262184053026,0.7151556351433634,0.014844364856640535,0.7967426218405342,0.06674262184053026,0.05189825698388972,3,cold_start
2025,2025,jeddah,after_fp3,STR,Jeddah,2025/jeddah,30,1.350999999999999,1.9492999213413749,0.5982999213413758,1.9545201213792867,0.6035201213792876,1.9492999213413749,0.5982999213413758,-0.005220200037911793,3,cold_start
2025,2025,jeddah,after_fp3,TSU,Jeddah,2025/jeddah,30,0.695999999999998,0.9893158596207683,0.29331585962077034,0.9120570876250058,0.21605708762500786,0.9893158596207683,0.29331585962077034,0.07725877199576248,3,cold_start
2025,2025,jeddah,after_fp3,VER,Jeddah,2025/jeddah,30,0.0,0.5577159805507859,0.5577159805507859,0.5207068623150097,0.5207068623150097,0.5577159805507859,0.5577159805507859,0.03700911823577613,3,cold_start
2025,2025,imola,after_fp3,ALB,Imola,2025/imola,31,0.8029999999999973,0.7869827931331281,0.016017206866869138,0.8024940253182693,0.000505974681727972,0.7869827931331281,0.016017206866869138,0.015511232185141166,4,cold_start
2025,2025,imola,after_fp3,ALO,Imola,2025/imola,31,0.7609999999999957,1.0553935816561768,0.2943935816561811,0.8915942857349564,0.13059428573496068,1.0553935816561768,0.2943935816561811,0.16379929592122044,4,cold_start
2025,2025,imola,after_fp3,ANT,Imola,2025/imola,31,1.1020000000000039,0.9577554050586217,0.1442445949413822,0.7219078828881949,0.380092117111809,0.9577554050586217,0.1442445949413822,-0.23584752217042682,4,cold_start
2025,2025,imola,after_fp3,BEA,Imola,2025/imola,31,1.4069999999999965,1.3387903525987284,0.06820964740126811,1.1573379719382912,0.24966202806170523,1.3387903525987284,0.06820964740126811,-0.18145238066043712,4,cold_start
2025,2025,imola,after_fp3,BOR,Imola,2025/imola,31,1.5900000000000034,1.3392154563881815,0.2507845436118219,1.358245501922725,0.23175449807727833,1.3392154563881815,0.2507845436118219,0.01903004553454357,4,cold_start
2025,2025,imola,after_fp3,COL,Imola,2025/imola,31,1.5859999999999985,1.5922432696814144,0.006243269681415864,1.7088104281567877,0.12281042815678922,1.5922432696814144,0.006243269681415864,-0.11656715847537336,4,cold_start
2025,2025,imola,after_fp3,GAS,Imola,2025/imola,31,0.8349999999999937,0.9033450481590392,0.06834504815904541,1.125653615974509,0.2906536159745152,0.9033450481590392,0.06834504815904541,-0.22230856781546982,4,cold_start
2025,2025,imola,after_fp3,HAD,Imola,2025/imola,31,0.8400000000000034,1.0270724028499287,0.18707240284992532,1.0614562023256722,0.22145620232566876,1.0270724028499287,0.18707240284992532,-0.03438379947574344,4,cold_start
2025,2025,imola,after_fp3,HAM,Imola,2025/imola,31,1.0949999999999989,0.6879309634764109,0.40706903652358795,0.626669109848184,0.46833089015181484,0.6879309634764109,0.40706903652358795,-0.06126185362822689,4,cold_start
2025,2025,imola,after_fp3,HUL,Imola,2025/imola,31,1.847999999999999,1.5088048436043255,0.33919515639567344,1.5296391286759126,0.3183608713240864,1.5088048436043255,0.33919515639567344,0.020834285071587022,4,cold_start
2025,2025,imola,after_fp3,LAW,Imola,2025/imola,31,1.7090000000000032,1.4077505132991865,0.30124948670081664,1.4403347600482517,0.2686652399517515,1.4077505132991865,0.30124948670081664,0.03258424674906513,4,cold_start
2025,2025,imola,after_fp3,LEC,Imola,2025/imola,31,0.9339999999999975,0.6400667232006018,0.29393327679939574,0.4568932778032773,0.4771067221967202,0.6400667232006018,0.29393327679939574,-0.18317344539732444,4,cold_start
2025,2025,imola,after_fp3,NOR,Imola,2025/imola,31,0.2920000000000016,0.17528086281224628,0.11671913718775531,0.15410541395197266,0.13789458604802893,0.17528086281224628,0.11671913718775531,-0.021175448860273616,4,cold_start
2025,2025,imola,after_fp3,OCO,Imola,2025/imola,31,1.9429999999999978,1.7351900382387584,0.20780996176123945,1.7196034488713827,0.22339655112861512,1.7351900382387584,0.20780996176123945,-0.01558658936737567,4,cold_start
2025,2025,imola,after_fp3,PIA,Imola,2025/imola,31,0.0,0.16850487714697748,0.16850487714697748,0.18973447439086502,0.18973447439086502,0.16850487714697748,0.16850487714697748,-0.021229597243887538,4,cold_start
2025,2025,imola,after_fp3,RUS,Imola,2025/imola,31,0.13700000000000045,0.8355381858622567,0.6985381858622562,0.6925894134872074,0.5555894134872069,0.8355381858622567,0.6985381858622562,0.14294877237504933,4,cold_start
2025,2025,imola,after_fp3,SAI,Imola,2025/imola,31,0.5279999999999916,1.154734894629325,0.6267348946293334,0.7963597979897756,0.26835979798978404,1.154734894629325,0.6267348946293334,0.35837509663954936,4,cold_start
2025,2025,imola,after_fp3,STR,Imola,2025/imola,31,0.8269999999999982,1.2754188943697624,0.44841889436976423,1.2966503989851217,0.4696503989851235,1.2754188943697624,0.44841889436976423,-0.021231504615359276,4,cold_start
2025,2025,imola,after_fp3,VER,Imola,2025/imola,31,0.033999999999991815,0.4506289105016792,0.4166289105016874,0.2427757772809333,0.2087757772809415,0.4506289105016792,0.4166289105016874,0.2078531332207459,4,cold_start
2025,2025,monaco,after_fp3,ALB,Monaco,2025/monaco,32,0.7780000000000058,0.7673624450068027,0.010637554993203069,0.6945695772821935,0.08343042271781231,0.6945695772821935,0.08343042271781231,-0.07279286772460924,5,early_season
2025,2025,monaco,after_fp3,ALO,Monaco,2025/monaco,32,0.9700000000000131,2.3851005064424613,1.4151005064424482,1.151902809523809,0.181902809523796,1.151902809523809,0.181902809523796,1.2331976969186522,5,early_season
2025,2025,monaco,after_fp3,ANT,Monaco,2025/monaco,32,1.926000000000002,1.8122887490949957,0.11371125090500622,1.0157630912698403,0.9102369087301616,1.0157630912698403,0.9102369087301616,-0.7965256578251554,5,early_season
2025,2025,monaco,after_fp3,BEA,Monaco,2025/monaco,32,2.0250000000000057,4.166031899006666,2.14103189900666,1.3375084563492063,0.6874915436507993,1.3375084563492063,0.6874915436507993,1.4535403553558608,5,early_season
2025,2025,monaco,after_fp3,BOR,Monaco,2025/monaco,32,1.9480000000000075,2.3096199770654255,0.36161997706541804,1.6788432619047635,0.269156738095244,1.6788432619047635,0.269156738095244,0.09246323897017406,5,early_season
2025,2025,monaco,after_fp3,COL,Monaco,2025/monaco,32,2.6430000000000007,3.1657505804546537,0.5227505804546531,1.8032301011904774,0.8397698988095232,1.8032301011904774,0.8397698988095232,-0.3170193183548702,5,early_season
2025,2025,monaco,after_fp3,GAS,Monaco,2025/monaco,32,2.0400000000000063,1.672719051853366,0.36728094814664036,1.2992192738095243,0.740780726190482,1.2992192738095243,0.740780726190482,-0.3734997780438416,5,early_season
2025,2025,monaco,after_fp3,HAD,Monaco,2025/monaco,32,0.9690000000000083,1.8648000124397532,0.8958000124397449,1.4491356726190476,0.48013567261903933,1.4491356726190476,0.48013567261903933,0.4156643398207056,5,early_season
2025,2025,monaco,after_fp3,HAM,Monaco,2025/monaco,32,0.4280000000000115,0.824111391991639,0.3961113919916275,0.32915772023809436,0.09884227976191712,0.32915772023809436,0.09884227976191712,0.29726911222971036,5,early_season
2025,2025,monaco,after_fp3,HUL,Monaco,2025/monaco,32,1.6420000000000101,1.8706215391245686,0.22862153912455851,1.330036950396825,0.3119630496031851,1.330036950396825,0.3119630496031851,-0.08334151047862659,5,early_season
2025,2025,monaco,after_fp3,LAW,Monaco,2025/monaco,32,1.1750000000000114,1.12967877391253,0.04532122608748135,0.952086097222222,0.22291390277778933,0.952086097222222,0.22291390277778933,-0.17759267669030798,5,early_season
2025,2025,monaco,after_fp3,LEC,Monaco,2025/monaco,32,0.10900000000000887,0.9106965757314953,0.8016965757314864,0.2182968392857137,0.10929683928570483,0.2182968392857137,0.10929683928570483,0.6923997364457817,5,early_season
2025,2025,monaco,after_fp3,NOR,Monaco,2025/monaco,32,0.0,0.9676544599050604,0.9676544599050604,0.3590950178571418,0.3590950178571418,0.3590950178571418,0.3590950178571418,0.6085594420479186,5,early_season
2025,2025,monaco,after_fp3,OCO,Monaco,2025/monaco,32,0.9879999999999995,1.9289591604900789,0.9409591604900793,1.7104289821428569,0.7224289821428573,1.7104289821428569,0.7224289821428573,0.218530178347222,5,early_season
2025,2025,monaco,after_fp3,PIA,Monaco,2025/monaco,32,0.17500000000001137,0.7943646035613173,0.619364603561306,0.5150107034493269,0.3400107034493155,0.5150107034493269,0.3400107034493155,0.27935390011199046,5,early_season
2025,2025,monaco,after_fp3,RUS,Monaco,2025/monaco,32,1.5530000000000115,2.562945717271045,1.0099457172710333,0.9190726029942273,0.6339273970057842,0.9190726029942273,0.6339273970057842,0.3760183202652492,5,early_season
2025,2025,monaco,after_fp3,SAI,Monaco,2025/monaco,32,1.4080000000000013,1.0370616585010628,0.37093834149893845,0.867499678292295,0.5405003217077062,0.867499678292295,0.5405003217077062,-0.16956198020876778,5,early_season
2025,2025,monaco,after_fp3,STR,Monaco,2025/monaco,32,2.609000000000009,1.691836172504067,0.9171638274959419,1.3780128452380958,1.2309871547619131,1.3780128452380958,1.2309871547619131,-0.3138233272659712,5,early_season
2025,2025,monaco,after_fp3,TSU,Monaco,2025/monaco,32,1.4610000000000127,2.022238718490382,0.5612387184903693,1.0831107956349202,0.37788920436509255,1.0831107956349202,0.37788920436509255,0.18334951412527678,5,early_season
2025,2025,monaco,after_fp3,VER,Monaco,2025/monaco,32,0.7150000000000034,0.7189583476079329,0.003958347607929458,0.4542237023809504,0.260776297619053,0.4542237023809504,0.260776297619053,-0.25681795001112356,5,early_season
2025,2025,barcelona,after_fp3,ALB,Barcelona,2025/barcelona,33,1.0949999999999989,1.575974609343284,0.4809746093432852,0.9923005262711152,0.10269947372888366,0.9923005262711152,0.10269947372888366,0.3782751356144015,6,early_season
2025,2025,barcelona,after_fp3,ALO,Barcelona,2025/barcelona,33,0.7379999999999995,0.9576516213486552,0.21965162134865568,0.854745770833334,0.11674577083333448,0.854745770833334,0.11674577083333448,0.1029058505153212,6,early_season
2025,2025,barcelona,after_fp3,ANT,Barcelona,2025/barcelona,33,0.5649999999999977,1.1658485266796654,0.6008485266796677,1.0559044304972014,0.49090443049720367,1.0559044304972014,0.49090443049720367,0.10994409618246404,6,early_season
2025,2025,barcelona,after_fp3,BEA,Barcelona,2025/barcelona,33,1.5279999999999916,1.6801642657058562,0.1521642657058646,1.7759465605158744,0.24794656051588282,1.7759465605158744,0.24794656051588282,-0.09578229481001821,6,early_season
2025,2025,barcelona,after_fp3,BOR,Barcelona,2025/barcelona,33,1.2099999999999937,1.6142685887676642,0.40426858876767047,1.774163627823569,0.5641636278235753,1.774163627823569,0.5641636278235753,-0.15989503905590485,6,early_season
2025,2025,barcelona,after_fp3,COL,Barcelona,2025/barcelona,33,1.7879999999999967,4.194866787899366,2.4068667878993697,1.953972771103901,0.1659727711039043,1.953972771103901,0.1659727711039043,2.2408940167954654,6,early_season
2025,2025,barcelona,after_fp3,GAS,Barcelona,2025/barcelona,33,0.6529999999999916,1.2030598222824749,0.5500598222824833,1.5756528172175088,0.9226528172175172,1.5756528172175088,0.9226528172175172,-0.37259299493503395,6,early_season
2025,2025,barcelona,after_fp3,HAD,Barcelona,2025/barcelona,33,0.7059999999999889,0.9417417829659857,0.2357417829659968,1.0468603211233216,0.34086032112333275,1.0468603211233216,0.34086032112333275,-0.10511853815733596,6,early_season
2025,2025,barcelona,after_fp3,HAM,Barcelona,2025/barcelona,33,0.4989999999999952,1.1140959514886188,0.6150959514886236,1.1999843979770255,0.7009843979770303,1.1999843979770255,0.7009843979770303,-0.08588844648840666,6,early_season
2025,2025,barcelona,after_fp3,HUL,Barcelona,2025/barcelona,33,1.6439999999999912,1.4878737942144482,0.15612620578554304,1.6996783796134463,0.05567837961345501,1.6996783796134463,0.05567837961345501,0.10044782617208803,6,early_season
2025,2025,barcelona,after_fp3,LAW,Barcelona,2025/barcelona,33,1.2169999999999987,1.346626665941219,0.1296266659412202,1.4756860915934595,0.2586860915934608,1.4756860915934595,0.2586860915934608,-0.1290594256522406,6,early_season
2025,2025,barcelona,after_fp3,LEC,Barcelona,2025/barcelona,33,0.5849999999999937,0.7805657873699229,0.19556578736992913,0.4113310654761917,0.17366893452380205,0.4113310654761917,0.17366893452380205,0.02189685284612708,6,early_season
2025,2025,barcelona,after_fp3,NOR,Barcelona,2025/barcelona,33,0.20899999999998897,0.3330564281396432,0.12405642813965423,0.2766866964285728,0.06768669642858383,0.2766866964285728,0.06768669642858383,0.0563697317110704,6,early_season
2025,2025,barcelona,after_fp3,OCO,Barcelona,2025/barcelona,33,1.654999999999987,1.875083497043493,0.22008349704350616,1.8128919762806663,0.1578919762806794,1.8128919762806663,0.1578919762806794,0.062191520762826746,6,early_season
2025,2025,barcelona,after_fp3,PIA,Barcelona,2025/barcelona,33,0.0,0.20275143502997622,0.20275143502997622,0.21041914285714378,0.21041914285714378,0.21041914285714378,0.21041914285714378,-0.0076677078271675525,6,early_season
2025,2025,barcelona,after_fp3,RUS,Barcelona,2025/barcelona,33,0.3019999999999925,0.5766887259510906,0.27468872595109806,0.329736339285716,0.0277363392857235,0.329736339285716,0.0277363392857235,0.24695238666537456,6,early_season
2025,2025,barcelona,after_fp3,SAI,Barcelona,2025/barcelona,33,1.6569999999999965,1.4960450633498337,0.1609549366501628,1.6847983666125574,0.027798366612560965,1.6847983666125574,0.027798366612560965,0.13315657003760184,6,early_season
2025,2025,barcelona,after_fp3,STR,Barcelona,2025/barcelona,33,1.4919999999999902,1.5214560592862503,0.02945605928626005,1.5361845277153432,0.04418452771535297,1.5361845277153432,0.04418452771535297,-0.014728468429092922,6,early_season
2025,2025,barcelona,after_fp3,TSU,Barcelona,2025/barcelona,33,1.8389999999999986,1.5320320453028657,0.3069679546971329,1.8119755205003358,0.0270244794996628,1.8119755205003358,0.0270244794996628,0.2799434751974701,6,early_season
2025,2025,barcelona,after_fp3,VER,Barcelona,2025/barcelona,33,0.3019999999999925,0.6531091527435765,0.351109152743584,0.5827692938213757,0.28076929382138316,0.5827692938213757,0.28076929382138316,0.07033985892220085,6,early_season
2025,2025,montreal,after_fp3,ALB,Montréal,2025/montreal,34,0.992999999999995,0.4329688122556588,0.5600311877443362,0.7764658869047625,0.21653411309523252,0.7764658869047625,0.21653411309523252,0.34349707464910373,7,early_season
2025,2025,montreal,after_fp3,ALO,Montréal,2025/montreal,34,0.6869999999999976,0.5683550033809066,0.118644996619091,0.6109868293650793,0.0760131706349183,0.6109868293650793,0.0760131706349183,0.0426318259841727,7,early_season
2025,2025,montreal,after_fp3,ANT,Montréal,2025/montreal,34,0.49200000000000443,0.5855429713152819,0.09354297131527745,0.6155814752747254,0.12358147527472096,0.6155814752747254,0.12358147527472096,-0.03003850395944352,7,early_season
2025,2025,montreal,after_fp3,BEA,Montréal,2025/montreal,34,1.4069999999999965,1.3901316722403874,0.016868327759609114,1.460925065337441,0.05392506533744457,1.460925065337441,0.05392506533744457,-0.03705673757783545,7,early_season
2025,2025,montreal,after_fp3,BOR,Montréal,2025/montreal,34,1.4860000000000042,1.6628218636771965,0.17682186367719233,1.541103101239389,0.05510310123938478,1.541103101239389,0.05510310123938478,0.12171876243780755,7,early_season
2025,2025,montreal,after_fp3,COL,Montréal,2025/montreal,34,1.242999999999995,1.661836122990282,0.41883612299028705,1.6008342057387062,0.35783420573871116,1.6008342057387062,0.35783420573871116,0.06100191725157589,7,early_season
2025,2025,montreal,after_fp3,GAS,Montréal,2025/montreal,34,1.7680000000000007,1.074635264437102,0.6933647355628987,1.056561576923077,0.7114384230769237,1.056561576923077,0.7114384230769237,-0.01807368751402505,7,early_season
2025,2025,montreal,after_fp3,HAD,Montréal,2025/montreal,34,0.9680000000000035,0.8711096644805981,0.0968903355194054,0.8972273309523808,0.0707726690476227,0.8972273309523808,0.0707726690476227,0.026117666471782708,7,early_season
2025,2025,montreal,after_fp3,HAM,Montréal,2025/montreal,34,0.6269999999999953,0.6975015496911758,0.0705015496911805,0.5774551740620479,0.0495448259379474,0.5774551740620479,0.0495448259379474,0.020956723753233097,7,early_season
2025,2025,montreal,after_fp3,HUL,Montréal,2025/montreal,34,1.284000000000006,1.5463734794333561,0.2623734794333501,1.6395525438508878,0.35555254385088175,1.6395525438508878,0.35555254385088175,-0.09317906441753165,7,early_season
2025,2025,montreal,after_fp3,LAW,Montréal,2025/montreal,34,1.6260000000000048,1.0423479437416463,0.5836520562583585,1.0251448656898652,0.6008551343101396,1.0251448656898652,0.6008551343101396,-0.017203078051781118,7,early_season
2025,2025,montreal,after_fp3,LEC,Montréal,2025/montreal,34,0.7270000000000039,0.42360766543588385,0.30339233456412,0.6440215923217303,0.08297840767827358,0.6440215923217303,0.08297840767827358,0.22041392688584643,7,early_season
2025,2025,montreal,after_fp3,NOR,Montréal,2025/montreal,34,0.7000000000000028,0.14717210400373357,0.5528278959962692,0.18958888636363658,0.5104111136363663,0.18958888636363658,0.5104111136363663,0.04241678235990298,7,early_season
2025,2025,montreal,after_fp3,OCO,Montréal,2025/montreal,34,1.4789999999999992,1.4470868116127167,0.03191318838728252,1.397978835317461,0.08102116468253828,1.397978835317461,0.08102116468253828,-0.04910797629525576,7,early_season
2025,2025,montreal,after_fp3,PIA,Montréal,2025/montreal,34,0.22100000000000364,0.8514726301624779,0.6304726301624742,0.8288843075396835,0.6078843075396798,0.8288843075396835,0.6078843075396798,0.02258832262279442,7,early_season
2025,2025,montreal,after_fp3,RUS,Montréal,2025/montreal,34,0.0,0.15784096410653775,0.15784096410653775,0.13483444047619048,0.13483444047619048,0.13483444047619048,0.13483444047619048,0.023006523630347275,7,early_season
2025,2025,montreal,after_fp3,SAI,Montréal,2025/montreal,34,1.4989999999999952,0.7822055876760203,0.7167944123239749,0.880408601190476,0.6185913988095192,0.880408601190476,0.6185913988095192,0.0982030135144557,7,early_season
2025,2025,montreal,after_fp3,STR,Montréal,2025/montreal,34,1.617999999999995,2.5981196513053306,0.9801196513053356,1.117283599750396,0.500716400249599,1.117283599750396,0.500716400249599,0.47940325105573667,7,early_season
2025,2025,montreal,after_fp3,TSU,Montréal,2025/montreal,34,1.203000000000003,2.8395244957418635,1.6365244957418605,1.6310140982905985,0.42801409829059556,1.6310140982905985,0.42801409829059556,1.208510397451265,7,early_season
2025,2025,montreal,after_fp3,VER,Montréal,2025/montreal,34,0.1599999999999966,0.7775921692785707,0.6175921692785741,0.47515198571428435,0.31515198571428776,0.47515198571428435,0.31515198571428776,0.3024401835642863,7,early_season
2025,2025,spielberg,after_fp3,ALB,Spielberg,2025/spielberg,35,1.1720000000000041,3.6438812795521125,2.4718812795521083,1.4222919778434508,0.2502919778434467,1.4222919778434508,0.2502919778434467,2.2215893017086614,8,early_season
2025,2025,spielberg,after_fp3,ALO,Spielberg,2025/spielberg,35,1.1570000000000036,3.0480302166568594,1.8910302166568558,1.3708466677872793,0.21384666778727568,1.3708466677872793,0.21384666778727568,1.67718354886958,8,early_season
2025,2025,spielberg,after_fp3,ANT,Spielberg,2025/spielberg,35,1.0810000000000102,1.5200294213945977,0.43902942139458756,0.9256805892857156,0.15531941071429456,0.9256805892857156,0.15531941071429456,0.283710010680293,8,early_season
2025,2025,spielberg,after_fp3,BEA,Spielberg,2025/spielberg,35,1.247000000000007,3.948920925742665,2.701920925742658,1.5987531657232463,0.35175316572323934,1.5987531657232463,0.35175316572323934,2.350167760019419,8,early_season
2025,2025,spielberg,after_fp3,BOR,Spielberg,2025/spielberg,35,0.8750000000000071,2.267307087822871,1.3923070878228638,1.097816086466167,0.2228160864661599,1.097816086466167,0.2228160864661599,1.169491001356704,8,early_season
2025,2025,spielberg,after_fp3,COL,Spielberg,2025/spielberg,35,1.3070000000000093,3.868284383892294,2.5612843838922847,1.615940197405535,0.3089401974055257,1.615940197405535,0.3089401974055257,2.2523441864867593,8,early_season
2025,2025,spielberg,after_fp3,GAS,Spielberg,2025/spielberg,35,0.8750000000000071,4.041012920569597,3.1660129205695897,1.4543422890274957,0.5793422890274886,1.4543422890274957,0.5793422890274886,2.586670631542101,8,early_season
2025,2025,spielberg,after_fp3,HAD,Spielberg,2025/spielberg,35,1.0920000000000059,3.5194787046336033,2.4274787046335975,1.5993871098583514,0.5073871098583456,1.5993871098583514,0.5073871098583456,1.920091594775252,8,early_season
2025,2025,spielberg,after_fp3,HAM,Spielberg,2025/spielberg,35,0.6109999999999971,0.9412444642849822,0.3302444642849851,0.791643125901877,0.18064312590187992,0.791643125901877,0.18064312590187992,0.1496013383831052,8,early_season
2025,2025,spielberg,after_fp3,HUL,Spielberg,2025/spielberg,35,1.634999999999998,3.5618242178589927,1.9268242178589947,1.4753991439167569,0.15960085608324115,1.4753991439167569,0.15960085608324115,1.7672233617757536,8,early_season
2025,2025,spielberg,after_fp3,LAW,Spielberg,2025/spielberg,35,0.9550000000000054,2.968341867459549,2.013341867459544,1.344104716336296,0.3891047163362906,1.344104716336296,0.3891047163362906,1.6242371511232532,8,early_season
2025,2025,spielberg,after_fp3,LEC,Spielberg,2025/spielberg,35,0.5210000000000079,0.6642790963138319,0.14327909631382396,0.5800694917027418,0.0590694917027339,0.5800694917027418,0.0590694917027339,0.08420960461109006,8,early_season
2025,2025,spielberg,after_fp3,NOR,Spielberg,2025/spielberg,35,0.0,0.2233720043943995,0.2233720043943995,0.20150565564990694,0.20150565564990694,0.20150565564990694,0.20150565564990694,0.02186634874449256,8,early_season
2025,2025,spielberg,after_fp3,OCO,Spielberg,2025/spielberg,35,1.3930000000000078,4.009921702692838,2.6169217026928306,1.6002901929277527,0.20729019292774487,1.6002901929277527,0.20729019292774487,2.4096315097650858,8,early_season
2025,2025,spielberg,after_fp3,PIA,Spielberg,2025/spielberg,35,0.5830000000000055,0.3241970370248406,0.2588029629751649,0.21093158406870915,0.37206841593129636,0.21093158406870915,0.37206841593129636,-0.11326545295613144,8,early_season
2025,2025,spielberg,after_fp3,RUS,Spielberg,2025/spielberg,35,0.7920000000000087,1.3960330836645451,0.6040330836645365,0.7321938753607506,0.05980612463925805,0.7321938753607506,0.05980612463925805,0.5442269590252784,8,early_season
2025,2025,spielberg,after_fp3,SAI,Spielberg,2025/spielberg,35,1.610999999999997,3.571721940214294,1.960721940214297,1.4622992787092515,0.14870072129074563,1.4622992787092515,0.14870072129074563,1.8120212189235514,8,early_season
2025,2025,spielberg,after_fp3,STR,Spielberg,2025/spielberg,35,1.357999999999997,1.7394829546737998,0.3814829546738028,0.7630466212121212,0.5949533787878758,0.7630466212121212,0.5949533787878758,-0.21347042411407302,8,early_season
2025,2025,spielberg,after_fp3,TSU,Spielberg,2025/spielberg,35,1.3980000000000032,2.885477004702036,1.4874770047020327,0.9583705263600121,0.43962947363999116,0.9583705263600121,0.43962947363999116,1.0478475310620414,8,early_season
2025,2025,spielberg,after_fp3,VER,Spielberg,2025/spielberg,35,0.865000000000002,0.5344712734006448,0.33052872659935717,0.3332797651515157,0.5317202348484863,0.3332797651515157,0.5317202348484863,-0.20119150824912913,8,early_season
2025,2025,silverstone,after_fp3,ALB,Silverstone,2025/silverstone,36,0.9969999999999999,0.7351137446337904,0.26188625536620946,0.7410442776622602,0.25595572233773967,0.7410442776622602,0.25595572233773967,0.005930533028469798,9,established_season
2025,2025,silverstone,after_fp3,ALO,Silverstone,2025/silverstone,36,0.7010000000000076,1.481583444925371,0.7805834449253635,1.3119112725291735,0.6109112725291659,1.3119112725291735,0.6109112725291659,0.16967217239619758,9,established_season
2025,2025,silverstone,after_fp3,ANT,Silverstone,2025/silverstone,36,0.4819999999999993,0.9775492552690934,0.4955492552690941,0.9921891483131426,0.5101891483131433,0.9921891483131426,0.5101891483131433,-0.014639893044049224,9,established_season
2025,2025,silverstone,after_fp3,BEA,Silverstone,2025/silverstone,36,0.5790000000000077,1.078493122581222,0.49949312258121426,0.9212126610864992,0.3422126610864915,0.9212126610864992,0.3422126610864915,0.15728046149472275,9,established_season
2025,2025,silverstone,after_fp3,BOR,Silverstone,2025/silverstone,36,1.554000000000002,1.7432510310372604,0.18925103103725838,1.3611512419394551,0.1928487580605469,1.3611512419394551,0.1928487580605469,-0.0035977270232885328,9,established_season
2025,2025,silverstone,after_fp3,COL,Silverstone,2025/silverstone,36,2.1680000000000064,1.9694121281681964,0.19858787183180993,1.5514364508329594,0.6165635491670469,1.5514364508329594,0.6165635491670469,-0.417975677335237,9,established_season
2025,2025,silverstone,after_fp3,GAS,Silverstone,2025/silverstone,36,0.8190000000000026,2.093380917232792,1.2743809172327896,1.6536126759285263,0.8346126759285237,1.6536126759285263,0.8346126759285237,0.43976824130426584,9,established_season
2025,2025,silverstone,after_fp3,HAD,Silverstone,2025/silverstone,36,0.9720000000000084,0.7454769186108127,0.22652308138919575,0.7476755949392717,0.2243244050607367,0.7476755949392717,0.2243244050607367,0.0021986763284590483,9,established_season
2025,2025,silverstone,after_fp3,HAM,Silverstone,2025/silverstone,36,0.19200000000000728,0.5500751990496986,0.3580751990496913,0.8334671068107673,0.64146710681076,0.8334671068107673,0.64146710681076,-0.2833919077610687,9,established_season
2025,2025,silverstone,after_fp3,HUL,Silverstone,2025/silverstone,36,1.6820000000000022,1.3945811268044233,0.2874188731955789,1.2455465249770856,0.43645347502291654,1.2455465249770856,0.43645347502291654,-0.14903460182733763,9,established_season
2025,2025,silverstone,after_fp3,LAW,Silverstone,2025/silverstone,36,1.5480000000000018,0.9746401940315671,0.5733598059684347,1.0077747674342261,0.5402252325657757,1.0077747674342261,0.5402252325657757,0.03313457340265902,9,established_season
2025,2025,silverstone,after_fp3,LEC,Silverstone,2025/silverstone,36,0.2289999999999992,0.09474036603077192,0.1342596339692273,0.15732948809523853,0.07167051190476068,0.15732948809523853,0.07167051190476068,0.06258912206446662,9,established_season
2025,2025,silverstone,after_fp3,NOR,Silverstone,2025/silverstone,36,0.11800000000000921,0.10494238238613267,0.01305761761387654,0.14470417460317475,0.026704174603165542,0.14470417460317475,0.026704174603165542,-0.013646556989289002,9,established_season
2025,2025,silverstone,after_fp3,OCO,Silverstone,2025/silverstone,36,1.058000000000007,1.4766893800466994,0.4186893800466924,1.3385147114817801,0.2805147114817732,1.3385147114817801,0.2805147114817732,0.13817466856491922,9,established_season
2025,2025,silverstone,after_fp3,PIA,Silverstone,2025/silverstone,36,0.10300000000000864,0.18265153031527423,0.07965153031526559,0.16951394444444465,0.06651394444443601,0.16951394444444465,0.06651394444443601,0.013137585870829582,9,established_season
2025,2025,silverstone,after_fp3,RUS,Silverstone,2025/silverstone,36,0.13700000000000045,0.8246237774329832,0.6876237774329828,0.6822188633276172,0.5452188633276167,0.6822188633276172,0.5452188633276167,0.14240491410536604,9,established_season
2025,2025,silverstone,after_fp3,SAI,Silverstone,2025/silverstone,36,0.8539999999999992,1.203579367382409,0.3495793673824097,1.339628093962785,0.4856280939627857,1.339628093962785,0.4856280939627857,-0.13604872658037603,9,established_season
2025,2025,silverstone,after_fp3,STR,Silverstone,2025/silverstone,36,1.612000000000009,1.7195752422871595,0.10757524228715054,1.4561953213395802,0.1558046786604288,1.4561953213395802,0.1558046786604288,-0.048229436373278256,9,established_season
2025,2025,silverstone,after_fp3,TSU,Silverstone,2025/silverstone,36,0.9339999999999975,0.8929192380485282,0.04108076195146926,0.7571182595909575,0.17688174040904003,0.7571182595909575,0.17688174040904003,-0.13580097845757078,9,established_season
2025,2025,silverstone,after_fp3,VER,Silverstone,2025/silverstone,36,0.0,0.29381443552046677,0.29381443552046677,0.20157995238095194,0.20157995238095194,0.20157995238095194,0.20157995238095194,0.09223448313951482,9,established_season
2025,2025,budapest,after_fp3,ALB,Budapest,2025/budapest,37,1.3329999999999984,1.6670775140459964,0.33407751404599795,1.5041685046534812,0.17116850465348277,1.5041685046534812,0.17116850465348277,0.16290900939251518,10,established_season
2025,2025,budapest,after_fp3,ALO,Budapest,2025/budapest,37,0.39100000000000534,0.809526709463258,0.41852670946325266,0.7576079741776296,0.36660797417762425,0.7576079741776296,0.36660797417762425,0.0519187352856284,10,established_season
2025,2025,budapest,after_fp3,ANT,Budapest,2025/budapest,37,0.8029999999999973,0.814209359784106,0.011209359784108752,0.7658281551949285,0.03717184480506874,0.7658281551949285,0.03717184480506874,-0.02596248502095999,10,established_season
2025,2025,budapest,after_fp3,BEA,Budapest,2025/budapest,37,0.804000000000002,1.247240954202666,0.44324095420266385,1.135719101500213,0.331719101500211,1.135719101500213,0.331719101500211,0.11152185270245285,10,established_season
2025,2025,budapest,after_fp3,BOR,Budapest,2025/budapest,37,0.695999999999998,1.6397801240112353,0.9437801240112373,1.2379938649146445,0.5419938649146465,1.2379938649146445,0.5419938649146465,0.4017862590965908,10,established_season
2025,2025,budapest,after_fp3,COL,Budapest,2025/budapest,37,0.9849999999999994,1.6990259255777174,0.7140259255777179,1.4914494612399232,0.5064494612399237,1.4914494612399232,0.5064494612399237,0.2075764643377942,10,established_season
2025,2025,budapest,after_fp3,GAS,Budapest,2025/budapest,37,1.0759999999999934,1.6422256094963856,0.5662256094963922,1.5825531463201483,0.5065531463201549,1.5825531463201483,0.5065531463201549,0.05967246317623731,10,established_season
2025,2025,budapest,after_fp3,HAD,Budapest,2025/budapest,37,0.5789999999999935,1.4265694089868128,0.8475694089868193,1.4410838906063903,0.8620838906063968,1.4410838906063903,0.8620838906063968,-0.014514481619577468,10,established_season
2025,2025,budapest,after_fp3,HAM,Budapest,2025/budapest,37,0.8119999999999976,0.6628274485889072,0.14917255141109043,0.5857839020312341,0.22621609796876352,0.5857839020312341,0.22621609796876352,-0.07704354655767309,10,established_season
2025,2025,budapest,after_fp3,HUL,Budapest,2025/budapest,37,1.1910000000000025,1.0693797445107167,0.12162025548928579,1.0842159977319503,0.10678400226805218,1.0842159977319503,0.10678400226805218,0.014836253221233608,10,established_season
2025,2025,budapest,after_fp3,LAW,Budapest,2025/budapest,37,0.7399999999999949,1.5678956976789236,0.8278956976789287,1.435977445355884,0.6959774453558891,1.435977445355884,0.6959774453558891,0.13191825232303955,10,established_season
2025,2025,budapest,after_fp3,LEC,Budapest,2025/budapest,37,0.4819999999999993,0.3996558391030852,0.0823441608969141,0.2874582557720059,0.19454174422799342,0.2874582557720059,0.19454174422799342,-0.11219758333107932,10,established_season
2025,2025,budapest,after_fp3,NOR,Budapest,2025/budapest,37,0.0,0.09909459255829041,0.09909459255829041,0.15320545288045428,0.15320545288045428,0.15320545288045428,0.15320545288045428,-0.054110860322163876,10,established_season
2025,2025,budapest,after_fp3,OCO,Budapest,2025/budapest,37,1.1329999999999956,1.9045905097115088,0.7715905097115132,1.5714621196760328,0.4384621196760372,1.5714621196760328,0.4384621196760372,0.333128390035476,10,established_season
2025,2025,budapest,after_fp3,PIA,Budapest,2025/budapest,37,0.05100000000000193,0.11325160222992203,0.0622516022299201,0.1529553638583654,0.10195536385836346,0.1529553638583654,0.10195536385836346,-0.03970376162844336,10,established_season
2025,2025,budapest,after_fp3,RUS,Budapest,2025/budapest,37,0.31099999999999284,0.8513916517743008,0.5403916517743079,0.7037630935066165,0.39276309350662364,0.7037630935066165,0.39276309350662364,0.14762855826768428,10,established_season
2025,2025,budapest,after_fp3,SAI,Budapest,2025/budapest,37,0.7620000000000005,1.627197484733573,0.8651974847335726,1.5110811037470606,0.7490811037470602,1.5110811037470606,0.7490811037470602,0.11611638098651245,10,established_season
2025,2025,budapest,after_fp3,STR,Budapest,2025/budapest,37,0.23900000000000432,0.76975259096853,0.5307525909685257,0.7819357927066741,0.5429357927066698,0.7819357927066741,0.5429357927066698,-0.012183201738144134,10,established_season
2025,2025,budapest,after_fp3,TSU,Budapest,2025/budapest,37,1.0090000000000003,1.6400373885269863,0.631037388526986,1.4168116718170887,0.40781167181708833,1.4168116718170887,0.40781167181708833,0.22322571670989766,10,established_season
2025,2025,budapest,after_fp3,VER,Budapest,2025/budapest,37,0.6569999999999965,1.2225209945173579,0.5655209945173614,1.239041147375077,0.5820411473750806,1.239041147375077,0.5820411473750806,-0.01652015285771924,10,established_season
2025,2025,zandvoort,after_fp3,ALB,Zandvoort,2025/zandvoort,38,0.9899999999999949,1.3699567355268665,0.3799567355268716,0.9788636840077047,0.011136315992290147,0.9788636840077047,0.011136315992290147,0.36882041953458145,11,established_season
2025,2025,zandvoort,after_fp3,ALO,Zandvoort,2025/zandvoort,38,0.7039999999999935,1.2438235305455796,0.5398235305455861,0.820026930799274,0.1160269307992805,0.820026930799274,0.1160269307992805,0.42379659974630557,11,established_season
2025,2025,zandvoort,after_fp3,ANT,Zandvoort,2025/zandvoort,38,0.8309999999999889,2.199505570156825,1.3685055701568363,1.7600233530578921,0.9290233530579033,1.7600233530578921,0.9290233530579033,0.439482217098933,11,established_season
2025,2025,zandvoort,after_fp3,BEA,Zandvoort,2025/zandvoort,38,1.5999999999999943,2.2887389995778,0.6887389995778057,1.6348431959343153,0.03484319593432095,1.6348431959343153,0.03484319593432095,0.6538958036434848,11,established_season
2025,2025,zandvoort,after_fp3,BOR,Zandvoort,2025/zandvoort,38,0.9599999999999937,2.1107837582389575,1.1507837582389637,1.292494365284921,0.33249436528492726,1.292494365284921,0.33249436528492726,0.8182893929540365,11,established_season
2025,2025,zandvoort,after_fp3,COL,Zandvoort,2025/zandvoort,38,1.441999999999993,5.259614599826797,3.817614599826804,1.764647193319753,0.3226471933197599,1.764647193319753,0.3226471933197599,3.494967406507044,11,established_season
2025,2025,zandvoort,after_fp3,GAS,Zandvoort,2025/zandvoort,38,0.9749999999999943,5.454408928469649,4.479408928469654,1.5259140791785775,0.5509140791785831,1.5259140791785775,0.5509140791785831,3.928494849291071,11,established_season
2025,2025,zandvoort,after_fp3,HAD,Zandvoort,2025/zandvoort,38,0.5459999999999923,1.5365003510010402,0.9905003510010479,1.0912109793289058,0.5452109793289135,1.0912109793289058,0.5452109793289135,0.44528937167213445,11,established_season
2025,2025,zandvoort,after_fp3,HAM,Zandvoort,2025/zandvoort,38,0.5989999999999895,2.1376910054690335,1.538691005469044,1.320894174898133,0.7218941748981436,1.320894174898133,0.7218941748981436,0.8167968305709004,11,established_season
2025,2025,zandvoort,after_fp3,HUL,Zandvoort,2025/zandvoort,38,1.532999999999987,2.463523945445467,0.9305239454454801,1.4592224723927303,0.07377752760725675,1.4592224723927303,0.07377752760725675,0.8567464178382234,11,established_season
2025,2025,zandvoort,after_fp3,LAW,Zandvoort,2025/zandvoort,38,0.7209999999999894,2.0269316338328345,1.305931633832845,1.2785988701974393,0.5575988701974499,1.2785988701974393,0.5575988701974499,0.7483327636353951,11,established_season
2025,2025,zandvoort,after_fp3,LEC,Zandvoort,2025/zandvoort,38,0.6419999999999959,1.3748202353862091,0.7328202353862132,0.987112245415034,0.34511224541503804,0.987112245415034,0.34511224541503804,0.38770798997117517,11,established_season
2025,2025,zandvoort,after_fp3,NOR,Zandvoort,2025/zandvoort,38,0.012000000000000455,0.11688583515644752,0.10488583515644706,0.1360197227633488,0.12401972276334836,0.1360197227633488,0.12401972276334836,-0.019133887606901295,11,established_season
2025,2025,zandvoort,after_fp3,OCO,Zandvoort,2025/zandvoort,38,1.5349999999999966,4.857334301732601,3.322334301732605,1.7726440829203396,0.237644082920343,1.7726440829203396,0.237644082920343,3.084690218812262,11,established_season
2025,2025,zandvoort,after_fp3,PIA,Zandvoort,2025/zandvoort,38,0.0,0.1343124191801671,0.1343124191801671,0.1574594013347776,0.1574594013347776,0.1574594013347776,0.1574594013347776,-0.0231469821546105,11,established_season
2025,2025,zandvoort,after_fp3,RUS,Zandvoort,2025/zandvoort,38,0.5929999999999893,1.0357298503291748,0.44272985032918544,0.4360164536435785,0.15698354635641082,0.4360164536435785,0.15698354635641082,0.2857463039727746,11,established_season
2025,2025,zandvoort,after_fp3,SAI,Zandvoort,2025/zandvoort,38,0.8099999999999881,1.2961104836630843,0.4861104836630963,0.9722389536959777,0.16223895369598962,0.9722389536959777,0.16223895369598962,0.32387152996710666,11,established_season
2025,2025,zandvoort,after_fp3,TSU,Zandvoort,2025/zandvoort,38,0.9599999999999937,2.3386682682094873,1.3786682682094935,1.560423349938642,0.6004233499386482,1.560423349938642,0.6004233499386482,0.7782449182708453,11,established_season
2025,2025,zandvoort,after_fp3,VER,Zandvoort,2025/zandvoort,38,0.262999999999991,1.1373945019337115,0.8743945019337205,0.6488521825039723,0.38585218250398123,0.6488521825039723,0.38585218250398123,0.48854231942973925,11,established_season
2025,2025,monza,after_fp3,ALB,Monza,2025/monza,39,0.7909999999999968,0.6404659497168866,0.15053405028311018,0.7532223607938506,0.037777639206146185,0.7532223607938506,0.037777639206146185,0.11275641107696399,12,established_season
2025,2025,monza,after_fp3,ALO,Monza,2025/monza,39,0.5699999999999932,1.0092570599545427,0.43925705995454956,1.1342936446418925,0.5642936446418994,1.1342936446418925,0.5642936446418994,-0.1250365846873498,12,established_season
2025,2025,monza,after_fp3,ANT,Monza,2025/monza,39,0.40800000000000125,0.822559737528459,0.41455973752845776,0.9984939751638696,0.5904939751638684,0.9984939751638696,0.5904939751638684,-0.1759342376354106,12,established_season
2025,2025,monza,after_fp3,BEA,Monza,2025/monza,39,0.6539999999999964,1.5263539534508717,0.8723539534508753,1.3176437947715989,0.6636437947716025,1.3176437947715989,0.6636437947716025,0.20871015867927278,12,established_season
2025,2025,monza,after_fp3,BOR,Monza,2025/monza,39,0.5309999999999917,0.6184363924555025,0.08743639245551083,0.7073682966786983,0.17636829667870657,0.7073682966786983,0.17636829667870657,-0.08893190422319575,12,established_season
2025,2025,monza,after_fp3,COL,Monza,2025/monza,39,1.2000000000000028,1.0967790074902863,0.1032209925097165,1.2191467503748372,0.019146750374834376,1.2191467503748372,0.019146750374834376,0.08407424213488213,12,established_season
2025,2025,monza,after_fp3,GAS,Monza,2025/monza,39,1.3109999999999928,1.5947094258821979,0.28370942588220505,1.2705079203752505,0.04049207962474233,1.2705079203752505,0.04049207962474233,0.24321734625746272,12,established_season
2025,2025,monza,after_fp3,HAD,Monza,2025/monza,39,1.125,0.6601762777258351,0.4648237222741649,0.662771507842744,0.46222849215725603,0.662771507842744,0.46222849215725603,0.0025952301169088754,12,established_season
2025,2025,monza,after_fp3,HAM,Monza,2025/monza,39,0.33199999999999363,0.3883218467430874,0.05632184674309376,0.5088141561958658,0.17681415619587215,0.5088141561958658,0.17681415619587215,-0.12049230945277839,12,established_season
2025,2025,monza,after_fp3,HUL,Monza,2025/monza,39,0.7060000000000031,0.7134597949017579,0.007459794901754857,0.7728429532487686,0.06684295324876555,0.7728429532487686,0.06684295324876555,-0.05938315834701069,12,established_season
2025,2025,monza,after_fp3,LAW,Monza,2025/monza,39,1.4869999999999948,1.318150504622773,0.16884949537722171,1.3096195431988817,0.17738045680111303,1.3096195431988817,0.17738045680111303,-0.008530961423891315,12,established_season
2025,2025,monza,after_fp3,LEC,Monza,2025/monza,39,0.2150000000000034,0.16569955574882622,0.04930044425117719,0.25978472090293725,0.04478472090293384,0.25978472090293725,0.04478472090293384,0.00451572334824335,12,established_season
2025,2025,monza,after_fp3,NOR,Monza,2025/monza,39,0.07699999999999818,0.1898343710244937,0.1128343710244955,0.1612759325396832,0.08427593253968502,0.1612759325396832,0.08427593253968502,0.02855843848481049,12,established_season
2025,2025,monza,after_fp3,OCO,Monza,2025/monza,39,0.914999999999992,1.5565874022609367,0.6415874022609447,1.2820582905103441,0.3670582905103521,1.2820582905103441,0.3670582905103521,0.2745291117505926,12,established_season
2025,2025,monza,after_fp3,PIA,Monza,2025/monza,39,0.18999999999999773,0.2017972861315732,0.011797286131575463,0.2166540740191828,0.02665407401918507,0.2166540740191828,0.02665407401918507,-0.014856787887609607,12,established_season
2025,2025,monza,after_fp3,RUS,Monza,2025/monza,39,0.3649999999999949,0.405461309872672,0.0404613098726771,0.28501746277544293,0.07998253722455195,0.28501746277544293,0.07998253722455195,-0.039521227351874855,12,established_season
2025,2025,monza,after_fp3,SAI,Monza,2025/monza,39,0.7360000000000042,0.6759011182312906,0.060098881768713586,0.9041699768972414,0.16816997689723723,0.9041699768972414,0.16816997689723723,-0.10807109512852364,12,established_season
2025,2025,monza,after_fp3,STR,Monza,2025/monza,39,1.1559999999999917,1.2136781170795239,0.05767811707953219,1.2328704694004486,0.07687046940045694,1.2328704694004486,0.07687046940045694,-0.019192352320924755,12,established_season
2025,2025,monza,after_fp3,TSU,Monza,2025/monza,39,0.6410000000000053,1.0865960197739428,0.4455960197739375,1.2102290969470682,0.5692290969470628,1.2102290969470682,0.5692290969470628,-0.12363307717312533,12,established_season
2025,2025,monza,after_fp3,VER,Monza,2025/monza,39,0.0,0.220634034494017,0.220634034494017,0.08425438791974288,0.08425438791974288,0.08425438791974288,0.08425438791974288,0.13637964657427412,12,established_season
2025,2025,baku,after_fp3,ALB,Baku,2025/baku,40,2.6610000000000014,3.2195716658659914,0.55857166586599,0.7777926370207706,1.8832073629792307,0.7777926370207706,1.8832073629792307,-1.3246356971132407,13,established_season
2025,2025,baku,after_fp3,ALO,Baku,2025/baku,40,0.7399999999999949,4.3244457360066235,3.5844457360066286,1.5431184407607665,0.8031184407607717,1.5431184407607665,0.8031184407607717,2.781327295245857,13,established_season
2025,2025,baku,after_fp3,ANT,Baku,2025/baku,40,0.3469999999999942,2.8872132524071867,2.5402132524071925,0.496888484532829,0.14988848453283482,0.496888484532829,0.14988848453283482,2.3903247678743575,13,established_season
2025,2025,baku,after_fp3,BEA,Baku,2025/baku,40,1.5489999999999924,3.0540640630961957,1.5050640630962033,0.6780901756759833,0.8709098243240091,0.6780901756759833,0.8709098243240091,0.6341542387721942,13,established_season
2025,2025,baku,after_fp3,BOR,Baku,2025/baku,40,1.1599999999999966,4.763465453582949,3.6034654535829524,1.9585425434981731,0.7985425434981765,1.9585425434981731,0.7985425434981765,2.804922910084776,13,established_season
2025,2025,baku,after_fp3,COL,Baku,2025/baku,40,1.661999999999992,4.276004849392849,2.614004849392857,1.8403947310606088,0.17839473106061687,1.8403947310606088,0.17839473106061687,2.43561011833224,13,established_season
2025,2025,baku,after_fp3,GAS,Baku,2025/baku,40,2.0219999999999914,4.479392910806168,2.4573929108061767,1.842410962301591,0.1795890376984004,1.842410962301591,0.1795890376984004,2.2778038731077763,13,established_season
2025,2025,baku,after_fp3,HAD,Baku,2025/baku,40,0.5300000000000011,3.9369867860098964,3.4069867860098952,1.434757809372287,0.9047578093722859,1.434757809372287,0.9047578093722859,2.5022289766376096,13,established_season
2025,2025,baku,after_fp3,HAM,Baku,2025/baku,40,0.7039999999999935,2.5841671594080977,1.8801671594081042,0.30420860449735426,0.39979139550263926,0.30420860449735426,0.39979139550263926,1.4803757639054649,13,established_season
2025,2025,baku,after_fp3,HUL,Baku,2025/baku,40,1.7989999999999924,4.165099666091269,2.3660996660912765,1.5598774486866123,0.23912255131338012,1.5598774486866123,0.23912255131338012,2.1269771147778966,13,established_season
2025,2025,baku,after_fp3,LAW,Baku,2025/baku,40,0.4200000000000017,3.439009025999811,3.0190090259998095,0.8828291524324611,0.46282915243245937,0.8828291524324611,0.46282915243245937,2.55617987356735,13,established_season
2025,2025,baku,after_fp3,LEC,Baku,2025/baku,40,0.340999999999994,2.968980325306616,2.627980325306622,0.7202698755988183,0.3792698755988243,0.7202698755988183,0.3792698755988243,2.2487104497077977,13,established_season
2025,2025,baku,after_fp3,NOR,Baku,2025/baku,40,0.2049999999999983,2.798167748865784,2.5931677488657856,0.6027303036836533,0.39773030368365503,0.6027303036836533,0.39773030368365503,2.1954374451821304,13,established_season
2025,2025,baku,after_fp3,OCO,Baku,2025/baku,40,1.8870000000000005,4.06982858706412,2.1828285870641198,1.7343155279361955,0.15268447206380498,1.7343155279361955,0.15268447206380498,2.030144115000315,13,established_season
2025,2025,baku,after_fp3,PIA,Baku,2025/baku,40,0.29699999999999704,2.870085947238741,2.573085947238744,0.6519954679726665,0.35499546797266945,0.6519954679726665,0.35499546797266945,2.218090479266075,13,established_season
2025,2025,baku,after_fp3,RUS,Baku,2025/baku,40,0.33799999999999386,2.8893615460143063,2.5513615460143124,0.4842856071381611,0.14628560713816724,0.4842856071381611,0.14628560713816724,2.4050759388761453,13,established_season
2025,2025,baku,after_fp3,SAI,Baku,2025/baku,40,0.47799999999999443,3.809381858012405,3.3313818580124104,1.3423317219428983,0.8643317219429039,1.3423317219428983,0.8643317219429039,2.4670501360695063,13,established_season
2025,2025,baku,after_fp3,STR,Baku,2025/baku,40,0.9839999999999947,4.647213931345448,3.663213931345453,2.0250044523809576,1.041004452380963,2.0250044523809576,1.041004452380963,2.62220947896449,13,established_season
2025,2025,baku,after_fp3,TSU,Baku,2025/baku,40,0.6709999999999923,4.197559079252812,3.52655907925282,1.5877454947548304,0.9167454947548381,1.5877454947548304,0.9167454947548381,2.609813584497982,13,established_season
2025,2025,baku,after_fp3,VER,Baku,2025/baku,40,0.0,2.786737636286523,2.786737636286523,0.29497310606540295,0.29497310606540295,0.29497310606540295,0.29497310606540295,2.49176453022112,13,established_season
2025,2025,marina-bay,after_fp3,ALB,Marina Bay,2025/marina-bay,41,1.043999999999997,0.8573926220149023,0.18660737798509464,0.8340560872598607,0.20994391274013624,0.8340560872598607,0.20994391274013624,-0.023336534755041605,14,established_season
2025,2025,marina-bay,after_fp3,ALO,Marina Bay,2025/marina-bay,41,0.796999999999997,0.7837979300097868,0.01320206999021023,0.9220027945982184,0.1250027945982214,0.9220027945982184,0.1250027945982214,-0.11180072460801116,14,established_season
2025,2025,marina-bay,after_fp3,ANT,Marina Bay,2025/marina-bay,41,0.3790000000000049,0.6187442896184185,0.23974428961841365,0.584796134796735,0.2057961347967301,0.584796134796735,0.2057961347967301,0.03394815482168356,14,established_season
2025,2025,marina-bay,after_fp3,BEA,Marina Bay,2025/marina-bay,41,0.7099999999999937,1.2230636260489918,0.513063626048998,1.1227453856563894,0.4127453856563956,1.1227453856563894,0.4127453856563956,0.1003182403926024,14,established_season
2025,2025,marina-bay,after_fp3,BOR,Marina Bay,2025/marina-bay,41,1.661999999999992,1.1511425279721983,0.5108574720277936,0.9915930848416252,0.6704069151583667,0.9915930848416252,0.6704069151583667,-0.15954944313057307,14,established_season
2025,2025,marina-bay,after_fp3,COL,Marina Bay,2025/marina-bay,41,1.823999999999998,1.8017358527569756,0.022264147243022503,1.4695267562812768,0.35447324371872124,1.4695267562812768,0.35447324371872124,-0.33220909647569874,14,established_season
2025,2025,marina-bay,after_fp3,GAS,Marina Bay,2025/marina-bay,41,2.1029999999999944,1.9434284061946199,0.15957159380537456,1.5012051893180347,0.6017948106819597,1.5012051893180347,0.6017948106819597,-0.44222321687658517,14,established_season
2025,2025,marina-bay,after_fp3,HAD,Marina Bay,2025/marina-bay,41,0.6880000000000024,1.0712949112672079,0.3832949112672055,0.5836391942957289,0.10436080570427353,0.5836391942957289,0.10436080570427353,0.27893410556293197,14,established_season
2025,2025,marina-bay,after_fp3,HAM,Marina Bay,2025/marina-bay,41,0.5300000000000011,0.6365359158000637,0.10653591580006261,1.0502124205864964,0.5202124205864953,1.0502124205864964,0.5202124205864953,-0.4136765047864327,14,established_season
2025,2025,marina-bay,after_fp3,HUL,Marina Bay,2025/marina-bay,41,0.9830000000000041,0.7861830841565829,0.1968169158434212,1.0222094994990905,0.039209499499086364,1.0222094994990905,0.039209499499086364,0.15760741634433484,14,established_season
2025,2025,marina-bay,after_fp3,LAW,Marina Bay,2025/marina-bay,41,1.161999999999992,4.231204284018147,3.069204284018155,1.691296334190003,0.529296334190011,1.691296334190003,0.529296334190011,2.5399079498281436,14,established_season
2025,2025,marina-bay,after_fp3,LEC,Marina Bay,2025/marina-bay,41,0.6260000000000048,0.7562518833712711,0.13025188337126636,0.879590874418989,0.2535908744189842,0.879590874418989,0.2535908744189842,-0.12333899104771784,14,established_season
2025,2025,marina-bay,after_fp3,NOR,Marina Bay,2025/marina-bay,41,0.42799999999999727,0.2663739987164184,0.16162600128357885,0.2852539740259743,0.14274602597402297,0.2852539740259743,0.14274602597402297,0.018879975309555874,14,established_season
2025,2025,marina-bay,after_fp3,OCO,Marina Bay,2025/marina-bay,41,1.831000000000003,0.9397446088563132,0.8912553911436899,0.9494318296028054,0.8815681703971977,0.9494318296028054,0.8815681703971977,0.009687220746492198,14,established_season
2025,2025,marina-bay,after_fp3,PIA,Marina Bay,2025/marina-bay,41,0.36599999999999966,0.15114658347153434,0.21485341652846532,0.2402125833333346,0.12578741666666507,0.2402125833333346,0.12578741666666507,0.08906599986180025,14,established_season
2025,2025,marina-bay,after_fp3,RUS,Marina Bay,2025/marina-bay,41,0.0,0.5912185751941967,0.5912185751941967,0.5193258813131305,0.5193258813131305,0.5193258813131305,0.5193258813131305,0.07189269388106623,14,established_season
2025,2025,marina-bay,after_fp3,SAI,Marina Bay,2025/marina-bay,41,1.0769999999999982,0.5622638832050364,0.5147361167949618,0.5254171556317097,0.5515828443682885,0.5254171556317097,0.5515828443682885,-0.03684672757332674,14,established_season
2025,2025,marina-bay,after_fp3,STR,Marina Bay,2025/marina-bay,41,1.7909999999999968,1.35429062060717,0.4367093793928267,1.1097242116046144,0.6812757883953824,1.1097242116046144,0.6812757883953824,-0.24456640900255566,14,established_season
2025,2025,marina-bay,after_fp3,TSU,Marina Bay,2025/marina-bay,41,1.1949999999999932,1.3919821676676725,0.1969821676676793,1.122450446717688,0.07254955328230528,1.122450446717688,0.07254955328230528,0.12443261438537401,14,established_season
2025,2025,marina-bay,after_fp3,VER,Marina Bay,2025/marina-bay,41,0.18200000000000216,0.13154162323181215,0.05045837676819001,0.099215966342481,0.08278403365752116,0.099215966342481,0.08278403365752116,-0.032325656889331145,14,established_season
2025,2025,mexico-city,after_fp3,ALB,Mexico City,2025/mexico-city,42,1.9039999999999964,1.5253190720461132,0.3786809279538832,1.390020636680793,0.5139793633192034,1.390020636680793,0.5139793633192034,-0.13529843536532016,15,established_season
2025,2025,mexico-city,after_fp3,ALO,Mexico City,2025/mexico-city,42,1.516999999999996,1.680228191837112,0.16322819183711612,1.565657371449384,0.04865737144938809,1.565657371449384,0.04865737144938809,0.11457082038772803,15,established_season
2025,2025,mexico-city,after_fp3,ANT,Mexico City,2025/mexico-city,42,0.5319999999999965,0.4051961475427002,0.12680385245729625,0.5355509883515993,0.003550988351602835,0.5355509883515993,0.003550988351602835,0.12325286410569342,15,established_season
2025,2025,mexico-city,after_fp3,BEA,Mexico City,2025/mexico-city,42,0.8739999999999952,1.4473268536860937,0.5733268536860985,1.3070845883207942,0.433084588320799,1.3070845883207942,0.433084588320799,0.1402422653652995,15,established_season
2025,2025,mexico-city,after_fp3,BOR,Mexico City,2025/mexico-city,42,1.8260000000000076,0.9672699716601264,0.8587300283398812,0.963078105711741,0.8629218942882666,0.963078105711741,0.8629218942882666,-0.004191865948385387,15,established_season
2025,2025,mexico-city,after_fp3,COL,Mexico City,2025/mexico-city,42,2.084000000000003,1.9841609851625,0.09983901483750324,1.4594400237718006,0.6245599762282026,1.4594400237718006,0.6245599762282026,-0.5247209613906993,15,established_season
2025,2025,mexico-city,after_fp3,GAS,Mexico City,2025/mexico-city,42,1.960000000000008,1.4548005508680795,0.5051994491319285,1.560202568676501,0.39979743132350687,1.560202568676501,0.39979743132350687,0.10540201780842162,15,established_season
2025,2025,mexico-city,after_fp3,HAD,Mexico City,2025/mexico-city,42,0.6659999999999968,0.8908418272419987,0.22484182724200186,0.909494623256833,0.24349462325683613,0.909494623256833,0.24349462325683613,-0.018652796014834272,15,established_season
2025,2025,mexico-city,after_fp3,HAM,Mexico City,2025/mexico-city,42,0.35200000000000387,0.39043363084296134,0.03843363084295748,0.502760684194791,0.15076068419478716,0.502760684194791,0.15076068419478716,-0.11232705335182969,15,established_season
2025,2025,mexico-city,after_fp3,HUL,Mexico City,2025/mexico-city,42,1.4300000000000068,1.118015133068297,0.3119848669317098,1.0905347094776794,0.33946529052232743,1.0905347094776794,0.33946529052232743,-0.027480423590617642,15,established_season
2025,2025,mexico-city,after_fp3,LAW,Mexico City,2025/mexico-city,42,1.375,1.1417822653627827,0.2332177346372173,1.0038784537561993,0.37112154624380067,1.0038784537561993,0.37112154624380067,-0.13790381160658338,15,established_season
2025,2025,mexico-city,after_fp3,LEC,Mexico City,2025/mexico-city,42,0.26200000000000045,0.4483165430051116,0.18631654300511113,0.465020181929181,0.20302018192918053,0.465020181929181,0.20302018192918053,-0.016703638924069397,15,established_season
2025,2025,mexico-city,after_fp3,NOR,Mexico City,2025/mexico-city,42,0.0,0.1498433194367945,0.1498433194367945,0.22492170011442833,0.22492170011442833,0.22492170011442833,0.22492170011442833,-0.07507838067763384,15,established_season
2025,2025,mexico-city,after_fp3,OCO,Mexico City,2025/mexico-city,42,1.2510000000000048,1.1640458509284652,0.08695414907153953,1.0988360208054493,0.1521639791945555,1.0988360208054493,0.1521639791945555,-0.06520983012301595,15,established_season
2025,2025,mexico-city,after_fp3,PIA,Mexico City,2025/mexico-city,42,0.5880000000000081,0.6584069653822892,0.07040696538228108,0.8159940094482211,0.22799400944821302,0.8159940094482211,0.22799400944821302,-0.15758704406593194,15,established_season
2025,2025,mexico-city,after_fp3,RUS,Mexico City,2025/mexico-city,42,0.4480000000000075,0.5088984325853971,0.06089843258538963,0.4263570835398187,0.021642916460188788,0.4263570835398187,0.021642916460188788,0.03925551612520084,15,established_season
2025,2025,mexico-city,after_fp3,SAI,Mexico City,2025/mexico-city,42,0.5859999999999985,1.113279981188402,0.5272799811884035,1.178657284746012,0.5926572847460134,1.178657284746012,0.5926572847460134,-0.06537730355760996,15,established_season
2025,2025,mexico-city,after_fp3,STR,Mexico City,2025/mexico-city,42,2.019999999999996,1.2792204904326174,0.7407795095673786,1.1346063115430651,0.8853936884569309,1.1346063115430651,0.8853936884569309,-0.1446141788895523,15,established_season
2025,2025,mexico-city,after_fp3,TSU,Mexico City,2025/mexico-city,42,1.230000000000004,0.913050079407895,0.316949920592109,0.9106977748754573,0.31930222512454665,0.9106977748754573,0.31930222512454665,-0.0023523045324376213,15,established_season
2025,2025,mexico-city,after_fp3,VER,Mexico City,2025/mexico-city,42,0.48399999999999466,0.37992116487906813,0.10407883512092653,0.4756887287146397,0.00831127128535497,0.4756887287146397,0.00831127128535497,0.09576756383557156,15,established_season
2025,2025,las-vegas,after_fp3,ALB,Las Vegas,2025/las-vegas,43,8.286000000000001,0.6291212856019601,7.656878714398041,0.46337785316029917,7.822622146839702,0.46337785316029917,7.822622146839702,-0.16574343244166112,16,established_season
2025,2025,las-vegas,after_fp3,ALO,Las Vegas,2025/las-vegas,43,1.5319999999999965,1.1770015806983838,0.3549984193016127,0.8378446288706618,0.6941553711293347,0.8378446288706618,0.6941553711293347,-0.339156951827722,16,established_season
2025,2025,las-vegas,after_fp3,ANT,Las Vegas,2025/las-vegas,43,8.379999999999995,0.5528750335852791,7.827124966414717,0.4159376300403607,7.964062369959635,0.4159376300403607,7.964062369959635,-0.136937403544918,16,established_season
2025,2025,las-vegas,after_fp3,BEA,Las Vegas,2025/las-vegas,43,5.159999999999997,1.747531701307725,3.4124682986922714,1.4035151672109416,3.756484832789055,1.4035151672109416,3.756484832789055,-0.34401653409678357,16,established_season
2025,2025,las-vegas,after_fp3,BOR,Las Vegas,2025/las-vegas,43,8.740000000000009,1.5003533108849467,7.239646689115062,1.037217755409483,7.7027822445905265,1.037217755409483,7.7027822445905265,-0.46313555547546414,16,established_season
2025,2025,las-vegas,after_fp3,COL,Las Vegas,2025/las-vegas,43,5.749000000000009,2.129987439128898,3.6190125608711115,1.8194407572527895,3.92955924274722,1.8194407572527895,3.92955924274722,-0.31054668187610845,16,established_season
2025,2025,las-vegas,after_fp3,GAS,Las Vegas,2025/las-vegas,43,3.6060000000000088,1.3266222552654139,2.279377744734595,1.4428838562071886,2.16311614379282,1.4428838562071886,2.16311614379282,0.11626160094177518,16,established_season
2025,2025,las-vegas,after_fp3,HAD,Las Vegas,2025/las-vegas,43,1.6200000000000045,0.7209545834985656,0.899045416501439,0.481419324516097,1.1385806754839076,0.481419324516097,1.1385806754839076,-0.23953525898246864,16,established_season
2025,2025,las-vegas,after_fp3,HAM,Las Vegas,2025/las-vegas,43,9.180999999999997,0.9318160260163694,8.249183973983628,1.0085760320284456,8.172423967971552,1.0085760320284456,8.172423967971552,0.07676000601207633,16,established_season
2025,2025,las-vegas,after_fp3,HUL,Las Vegas,2025/las-vegas,43,4.847000000000008,2.140285333093413,2.7067146669065956,1.5534020069635028,3.2935979930365056,1.5534020069635028,3.2935979930365056,-0.58688332612991,16,established_season
2025,2025,las-vegas,after_fp3,LAW,Las Vegas,2025/las-vegas,43,1.1280000000000001,0.782104623515883,0.34589537648411717,0.6781829897961806,0.4498170102038195,0.6781829897961806,0.4498170102038195,-0.10392163371970231,16,established_season
2025,2025,las-vegas,after_fp3,LEC,Las Vegas,2025/las-vegas,43,1.9380000000000024,0.8858699676796843,1.052130032320318,0.9943170000232009,0.9436829999768015,0.9943170000232009,0.9436829999768015,0.10844703234351649,16,established_season
2025,2025,las-vegas,after_fp3,NOR,Las Vegas,2025/las-vegas,43,0.0,2.6301947447910647,2.6301947447910647,1.4353971521739117,1.4353971521739117,1.4353971521739117,1.4353971521739117,1.194797592617153,16,established_season
2025,2025,las-vegas,after_fp3,OCO,Las Vegas,2025/las-vegas,43,5.052999999999997,2.4285379910267957,2.6244620089732016,1.6427387615531064,3.410261238446891,1.6427387615531064,3.410261238446891,-0.7857992294736893,16,established_season
2025,2025,las-vegas,after_fp3,PIA,Las Vegas,2025/las-vegas,43,1.027000000000001,2.1359772142755618,1.1089772142755607,1.6245071267152256,0.5975071267152245,1.6245071267152256,0.5975071267152245,0.5114700875603362,16,established_season
2025,2025,las-vegas,after_fp3,RUS,Las Vegas,2025/las-vegas,43,0.8689999999999998,0.39918328391638275,0.469816716083617,0.16570743236991783,0.703292567630082,0.16570743236991783,0.703292567630082,-0.23347585154646494,16,established_season
2025,2025,las-vegas,after_fp3,SAI,Las Vegas,2025/las-vegas,43,0.362000000000009,1.0983874033582257,0.7363874033582167,1.1191935845246868,0.7571935845246778,1.1191935845246868,0.7571935845246778,-0.020806181166461046,16,established_season
2025,2025,las-vegas,after_fp3,STR,Las Vegas,2025/las-vegas,43,4.915999999999997,1.4323186628450797,3.483681337154917,1.2254734049295215,3.6905265950704753,1.2254734049295215,3.6905265950704753,-0.2068452579155582,16,established_season
2025,2025,las-vegas,after_fp3,TSU,Las Vegas,2025/las-vegas,43,8.864000000000004,1.4209737105969626,7.443026289403042,1.3223362808108337,7.54166371918917,1.3223362808108337,7.54166371918917,-0.09863742978612855,16,established_season
2025,2025,las-vegas,after_fp3,VER,Las Vegas,2025/las-vegas,43,0.3230000000000075,0.4399159505529091,0.1169159505529016,0.2649204817927172,0.05807951820729029,0.2649204817927172,0.05807951820729029,0.05883643234561131,16,established_season
2025,2025,yas-island,after_fp3,ALB,Yas Island,2025/yas-island,44,1.2090000000000032,0.9550982117591963,0.2539017882408069,1.0489258041690024,0.1600741958310008,1.0489258041690024,0.1600741958310008,0.0938275924098061,17,established_season
2025,2025,yas-island,after_fp3,ALO,Yas Island,2025/yas-island,44,0.6540000000000106,0.632055430674974,0.021944569325036523,0.5100752398182699,0.14392476018174072,0.5100752398182699,0.14392476018174072,-0.1219801908567042,17,established_season
2025,2025,yas-island,after_fp3,ANT,Yas Island,2025/yas-island,44,0.6870000000000118,0.8231843175471897,0.13618431754717786,0.8856360983032744,0.19863609830326256,0.8856360983032744,0.19863609830326256,-0.06245178075608471,17,established_season
2025,2025,yas-island,after_fp3,BEA,Yas Island,2025/yas-island,44,0.8340000000000032,0.4824686581617446,0.35153134183825857,0.5440162348491184,0.28998376515088475,0.5440162348491184,0.28998376515088475,0.06154757668737382,17,established_season
2025,2025,yas-island,after_fp3,BOR,Yas Island,2025/yas-island,44,0.6670000000000016,0.6034283478539545,0.0635716521460471,0.6723504580263671,0.005350458026365468,0.6723504580263671,0.005350458026365468,0.05822119411968163,17,established_season
2025,2025,yas-island,after_fp3,COL,Yas Island,2025/yas-island,44,1.683000000000007,1.5334825958946836,0.14951740410532333,1.367389037993741,0.3156109620062659,1.367389037993741,0.3156109620062659,-0.1660935579009426,17,established_season
2025,2025,yas-island,after_fp3,GAS,Yas Island,2025/yas-island,44,1.26100000000001,1.1944689408936415,0.06653105910636836,1.4416732829353396,0.1806732829353297,1.4416732829353396,0.1806732829353297,-0.11414222382896133,17,established_season
2025,2025,yas-island,after_fp3,HAD,Yas Island,2025/yas-island,44,0.7900000000000063,1.0897595433528313,0.29975954335282506,1.041567281287379,0.2515672812873728,1.041567281287379,0.2515672812873728,0.04819226206545224,17,established_season
2025,2025,yas-island,after_fp3,HAM,Yas Island,2025/yas-island,44,1.1870000000000118,1.5163886839947667,0.32938868399475485,1.3490314536606443,0.16203145366063243,1.3490314536606443,0.16203145366063243,0.16735723033412242,17,established_season
2025,2025,yas-island,after_fp3,HUL,Yas Island,2025/yas-island,44,1.2430000000000092,0.6932728045321562,0.549727195467853,0.9663751545381873,0.27662484546182187,0.9663751545381873,0.27662484546182187,0.2731023500060311,17,established_season
2025,2025,yas-island,after_fp3,LAW,Yas Island,2025/yas-island,44,0.8700000000000045,1.1056754071108144,0.2356754071108098,1.2742001839682344,0.4042001839682299,1.2742001839682344,0.4042001839682299,-0.16852477685742007,17,established_season
2025,2025,yas-island,after_fp3,LEC,Yas Island,2025/yas-island,44,0.5230000000000103,0.8107921666583957,0.28779216665838536,0.9997671270910439,0.4767671270910335,0.9997671270910439,0.4767671270910335,-0.18897496043264816,17,established_season
2025,2025,yas-island,after_fp3,NOR,Yas Island,2025/yas-island,44,0.20100000000000762,0.16003691370270176,0.040963086297305856,0.12321806416543067,0.07778193583457695,0.12321806416543067,0.07778193583457695,-0.03681884953727109,17,established_season
2025,2025,yas-island,after_fp3,OCO,Yas Island,2025/yas-island,44,0.7060000000000031,0.7278406010362446,0.021840601036241525,0.747111944545089,0.04111194454508593,0.747111944545089,0.04111194454508593,-0.019271343508844407,17,established_season
2025,2025,yas-island,after_fp3,PIA,Yas Island,2025/yas-island,44,0.23000000000000398,0.6300885037243142,0.40008850372431026,0.5534782220442864,0.32347822204428245,0.5534782220442864,0.32347822204428245,0.07661028168002781,17,established_season
2025,2025,yas-island,after_fp3,RUS,Yas Island,2025/yas-island,44,0.4380000000000024,0.31209085837351735,0.12590914162648503,0.16405420814939264,0.27394579185060974,0.16405420814939264,0.27394579185060974,-0.1480366502241247,17,established_season
2025,2025,yas-island,after_fp3,SAI,Yas Island,2025/yas-island,44,0.835000000000008,0.9803790452779357,0.14537904527792778,1.1585042274612216,0.32350422746121366,1.1585042274612216,0.32350422746121366,-0.17812518218328588,17,established_season
2025,2025,yas-island,after_fp3,STR,Yas Island,2025/yas-island,44,0.8900000000000006,0.9701778677863185,0.08017786778631797,1.1962069476403339,0.3062069476403333,1.1962069476403339,0.3062069476403333,-0.22602907985401532,17,established_season
2025,2025,yas-island,after_fp3,TSU,Yas Island,2025/yas-island,44,0.8270000000000124,1.7809131042491513,0.9539131042491389,1.468463421225381,0.6414634212253687,1.468463421225381,0.6414634212253687,0.3124496830237702,17,established_season
2025,2025,yas-island,after_fp3,VER,Yas Island,2025/yas-island,44,0.0,0.2861890976707642,0.2861890976707642,0.2737205753271907,0.2737205753271907,0.2737205753271907,0.2737205753271907,0.01246852234357354,17,established_season
