test_season,min_current_season_prior_events,min_prior_folds,min_prior_predictions,improvement_margin_sec,is_primary_setting,event_key,selected_weighted
2024,4,4,80,0.025,False,2024/sakhir,False
2024,4,4,80,0.025,False,2024/melbourne,False
2024,4,4,80,0.025,False,2024/suzuka,False
2024,4,4,80,0.025,False,2024/imola,False
2024,4,4,80,0.025,False,2024/monaco,False
2024,4,4,80,0.025,False,2024/montreal,False
2024,4,4,80,0.025,False,2024/barcelona,False
2024,4,4,80,0.025,False,2024/silverstone,False
2024,4,4,80,0.025,False,2024/budapest,False
2024,4,4,80,0.025,False,2024/zandvoort,False
2024,4,4,80,0.025,False,2024/monza,True
2024,4,4,80,0.025,False,2024/yas-island,True
2024,4,4,80,0.05,False,2024/sakhir,False
2024,4,4,80,0.05,False,2024/melbourne,False
2024,4,4,80,0.05,False,2024/suzuka,False
2024,4,4,80,0.05,False,2024/imola,False
2024,4,4,80,0.05,False,2024/monaco,False
2024,4,4,80,0.05,False,2024/montreal,False
2024,4,4,80,0.05,False,2024/barcelona,False
2024,4,4,80,0.05,False,2024/silverstone,False
2024,4,4,80,0.05,False,2024/budapest,False
2024,4,4,80,0.05,False,2024/zandvoort,False
2024,4,4,80,0.05,False,2024/monza,True
2024,4,4,80,0.05,False,2024/yas-island,True
2024,4,4,80,0.075,False,2024/sakhir,False
2024,4,4,80,0.075,False,2024/melbourne,False
2024,4,4,80,0.075,False,2024/suzuka,False
2024,4,4,80,0.075,False,2024/imola,False
2024,4,4,80,0.075,False,2024/monaco,False
2024,4,4,80,0.075,False,2024/montreal,False
2024,4,4,80,0.075,False,2024/barcelona,False
2024,4,4,80,0.075,False,2024/silverstone,False
2024,4,4,80,0.075,False,2024/budapest,False
2024,4,4,80,0.075,False,2024/zandvoort,False
2024,4,4,80,0.075,False,2024/monza,True
2024,4,4,80,0.075,False,2024/yas-island,True
2024,4,4,100,0.025,False,2024/sakhir,False
2024,4,4,100,0.025,False,2024/melbourne,False
2024,4,4,100,0.025,False,2024/suzuka,False
2024,4,4,100,0.025,False,2024/imola,False
2024,4,4,100,0.025,False,2024/monaco,False
2024,4,4,100,0.025,False,2024/montreal,False
2024,4,4,100,0.025,False,2024/barcelona,False
2024,4,4,100,0.025,False,2024/silverstone,False
2024,4,4,100,0.025,False,2024/budapest,False
2024,4,4,100,0.025,False,2024/zandvoort,False
2024,4,4,100,0.025,False,2024/monza,True
2024,4,4,100,0.025,False,2024/yas-island,True
2024,4,4,100,0.05,False,2024/sakhir,False
2024,4,4,100,0.05,False,2024/melbourne,False
2024,4,4,100,0.05,False,2024/suzuka,False
2024,4,4,100,0.05,False,2024/imola,False
2024,4,4,100,0.05,False,2024/monaco,False
2024,4,4,100,0.05,False,2024/montreal,False
2024,4,4,100,0.05,False,2024/barcelona,False
2024,4,4,100,0.05,False,2024/silverstone,False
2024,4,4,100,0.05,False,2024/budapest,False
2024,4,4,100,0.05,False,2024/zandvoort,False
2024,4,4,100,0.05,False,2024/monza,True
2024,4,4,100,0.05,False,2024/yas-island,True
2024,4,4,100,0.075,False,2024/sakhir,False
2024,4,4,100,0.075,False,2024/melbourne,False
2024,4,4,100,0.075,False,2024/suzuka,False
2024,4,4,100,0.075,False,2024/imola,False
2024,4,4,100,0.075,False,2024/monaco,False
2024,4,4,100,0.075,False,2024/montreal,False
2024,4,4,100,0.075,False,2024/barcelona,False
2024,4,4,100,0.075,False,2024/silverstone,False
2024,4,4,100,0.075,False,2024/budapest,False
2024,4,4,100,0.075,False,2024/zandvoort,False
2024,4,4,100,0.075,False,2024/monza,True
2024,4,4,100,0.075,False,2024/yas-island,True
2024,4,4,120,0.025,False,2024/sakhir,False
2024,4,4,120,0.025,False,2024/melbourne,False
2024,4,4,120,0.025,False,2024/suzuka,False
2024,4,4,120,0.025,False,2024/imola,False
2024,4,4,120,0.025,False,2024/monaco,False
2024,4,4,120,0.025,False,2024/montreal,False
2024,4,4,120,0.025,False,2024/barcelona,False
2024,4,4,120,0.025,False,2024/silverstone,False
2024,4,4,120,0.025,False,2024/budapest,False
2024,4,4,120,0.025,False,2024/zandvoort,False
2024,4,4,120,0.025,False,2024/monza,True
2024,4,4,120,0.025,False,2024/yas-island,True
2024,4,4,120,0.05,False,2024/sakhir,False
2024,4,4,120,0.05,False,2024/melbourne,False
2024,4,4,120,0.05,False,2024/suzuka,False
2024,4,4,120,0.05,False,2024/imola,False
2024,4,4,120,0.05,False,2024/monaco,False
2024,4,4,120,0.05,False,2024/montreal,False
2024,4,4,120,0.05,False,2024/barcelona,False
2024,4,4,120,0.05,False,2024/silverstone,False
2024,4,4,120,0.05,False,2024/budapest,False
2024,4,4,120,0.05,False,2024/zandvoort,False
2024,4,4,120,0.05,False,2024/monza,True
2024,4,4,120,0.05,False,2024/yas-island,True
2024,4,4,120,0.075,False,2024/sakhir,False
2024,4,4,120,0.075,False,2024/melbourne,False
2024,4,4,120,0.075,False,2024/suzuka,False
2024,4,4,120,0.075,False,2024/imola,False
2024,4,4,120,0.075,False,2024/monaco,False
2024,4,4,120,0.075,False,2024/montreal,False
2024,4,4,120,0.075,False,2024/barcelona,False
2024,4,4,120,0.075,False,2024/silverstone,False
2024,4,4,120,0.075,False,2024/budapest,False
2024,4,4,120,0.075,False,2024/zandvoort,False
2024,4,4,120,0.075,False,2024/monza,True
2024,4,4,120,0.075,False,2024/yas-island,True
2024,4,5,80,0.025,False,2024/sakhir,False
2024,4,5,80,0.025,False,2024/melbourne,False
2024,4,5,80,0.025,False,2024/suzuka,False
2024,4,5,80,0.025,False,2024/imola,False
2024,4,5,80,0.025,False,2024/monaco,False
2024,4,5,80,0.025,False,2024/montreal,False
2024,4,5,80,0.025,False,2024/barcelona,False
2024,4,5,80,0.025,False,2024/silverstone,False
2024,4,5,80,0.025,False,2024/budapest,False
2024,4,5,80,0.025,False,2024/zandvoort,False
2024,4,5,80,0.025,False,2024/monza,True
2024,4,5,80,0.025,False,2024/yas-island,True
2024,4,5,80,0.05,False,2024/sakhir,False
2024,4,5,80,0.05,False,2024/melbourne,False
2024,4,5,80,0.05,False,2024/suzuka,False
2024,4,5,80,0.05,False,2024/imola,False
2024,4,5,80,0.05,False,2024/monaco,False
2024,4,5,80,0.05,False,2024/montreal,False
2024,4,5,80,0.05,False,2024/barcelona,False
2024,4,5,80,0.05,False,2024/silverstone,False
2024,4,5,80,0.05,False,2024/budapest,False
2024,4,5,80,0.05,False,2024/zandvoort,False
2024,4,5,80,0.05,False,2024/monza,True
2024,4,5,80,0.05,False,2024/yas-island,True
2024,4,5,80,0.075,False,2024/sakhir,False
2024,4,5,80,0.075,False,2024/melbourne,False
2024,4,5,80,0.075,False,2024/suzuka,False
2024,4,5,80,0.075,False,2024/imola,False
2024,4,5,80,0.075,False,2024/monaco,False
2024,4,5,80,0.075,False,2024/montreal,False
2024,4,5,80,0.075,False,2024/barcelona,False
2024,4,5,80,0.075,False,2024/silverstone,False
2024,4,5,80,0.075,False,2024/budapest,False
2024,4,5,80,0.075,False,2024/zandvoort,False
2024,4,5,80,0.075,False,2024/monza,True
2024,4,5,80,0.075,False,2024/yas-island,True
2024,4,5,100,0.025,False,2024/sakhir,False
2024,4,5,100,0.025,False,2024/melbourne,False
2024,4,5,100,0.025,False,2024/suzuka,False
2024,4,5,100,0.025,False,2024/imola,False
2024,4,5,100,0.025,False,2024/monaco,False
2024,4,5,100,0.025,False,2024/montreal,False
2024,4,5,100,0.025,False,2024/barcelona,False
2024,4,5,100,0.025,False,2024/silverstone,False
2024,4,5,100,0.025,False,2024/budapest,False
2024,4,5,100,0.025,False,2024/zandvoort,False
2024,4,5,100,0.025,False,2024/monza,True
2024,4,5,100,0.025,False,2024/yas-island,True
2024,4,5,100,0.05,False,2024/sakhir,False
2024,4,5,100,0.05,False,2024/melbourne,False
2024,4,5,100,0.05,False,2024/suzuka,False
2024,4,5,100,0.05,False,2024/imola,False
2024,4,5,100,0.05,False,2024/monaco,False
2024,4,5,100,0.05,False,2024/montreal,False
2024,4,5,100,0.05,False,2024/barcelona,False
2024,4,5,100,0.05,False,2024/silverstone,False
2024,4,5,100,0.05,False,2024/budapest,False
2024,4,5,100,0.05,False,2024/zandvoort,False
2024,4,5,100,0.05,False,2024/monza,True
2024,4,5,100,0.05,False,2024/yas-island,True
2024,4,5,100,0.075,False,2024/sakhir,False
2024,4,5,100,0.075,False,2024/melbourne,False
2024,4,5,100,0.075,False,2024/suzuka,False
2024,4,5,100,0.075,False,2024/imola,False
2024,4,5,100,0.075,False,2024/monaco,False
2024,4,5,100,0.075,False,2024/montreal,False
2024,4,5,100,0.075,False,2024/barcelona,False
2024,4,5,100,0.075,False,2024/silverstone,False
2024,4,5,100,0.075,False,2024/budapest,False
2024,4,5,100,0.075,False,2024/zandvoort,False
2024,4,5,100,0.075,False,2024/monza,True
2024,4,5,100,0.075,False,2024/yas-island,True
2024,4,5,120,0.025,False,2024/sakhir,False
2024,4,5,120,0.025,False,2024/melbourne,False
2024,4,5,120,0.025,False,2024/suzuka,False
2024,4,5,120,0.025,False,2024/imola,False
2024,4,5,120,0.025,False,2024/monaco,False
2024,4,5,120,0.025,False,2024/montreal,False
2024,4,5,120,0.025,False,2024/barcelona,False
2024,4,5,120,0.025,False,2024/silverstone,False
2024,4,5,120,0.025,False,2024/budapest,False
2024,4,5,120,0.025,False,2024/zandvoort,False
2024,4,5,120,0.025,False,2024/monza,True
2024,4,5,120,0.025,False,2024/yas-island,True
2024,4,5,120,0.05,False,2024/sakhir,False
2024,4,5,120,0.05,False,2024/melbourne,False
2024,4,5,120,0.05,False,2024/suzuka,False
2024,4,5,120,0.05,False,2024/imola,False
2024,4,5,120,0.05,False,2024/monaco,False
2024,4,5,120,0.05,False,2024/montreal,False
2024,4,5,120,0.05,False,2024/barcelona,False
2024,4,5,120,0.05,False,2024/silverstone,False
2024,4,5,120,0.05,False,2024/budapest,False
2024,4,5,120,0.05,False,2024/zandvoort,False
2024,4,5,120,0.05,False,2024/monza,True
2024,4,5,120,0.05,False,2024/yas-island,True
2024,4,5,120,0.075,False,2024/sakhir,False
2024,4,5,120,0.075,False,2024/melbourne,False
2024,4,5,120,0.075,False,2024/suzuka,False
2024,4,5,120,0.075,False,2024/imola,False
2024,4,5,120,0.075,False,2024/monaco,False
2024,4,5,120,0.075,False,2024/montreal,False
2024,4,5,120,0.075,False,2024/barcelona,False
2024,4,5,120,0.075,False,2024/silverstone,False
2024,4,5,120,0.075,False,2024/budapest,False
2024,4,5,120,0.075,False,2024/zandvoort,False
2024,4,5,120,0.075,False,2024/monza,True
2024,4,5,120,0.075,False,2024/yas-island,True
2024,4,6,80,0.025,False,2024/sakhir,False
2024,4,6,80,0.025,False,2024/melbourne,False
2024,4,6,80,0.025,False,2024/suzuka,False
2024,4,6,80,0.025,False,2024/imola,False
2024,4,6,80,0.025,False,2024/monaco,False
2024,4,6,80,0.025,False,2024/montreal,False
2024,4,6,80,0.025,False,2024/barcelona,False
2024,4,6,80,0.025,False,2024/silverstone,False
2024,4,6,80,0.025,False,2024/budapest,False
2024,4,6,80,0.025,False,2024/zandvoort,False
2024,4,6,80,0.025,False,2024/monza,True
2024,4,6,80,0.025,False,2024/yas-island,True
2024,4,6,80,0.05,False,2024/sakhir,False
2024,4,6,80,0.05,False,2024/melbourne,False
2024,4,6,80,0.05,False,2024/suzuka,False
2024,4,6,80,0.05,False,2024/imola,False
2024,4,6,80,0.05,False,2024/monaco,False
2024,4,6,80,0.05,False,2024/montreal,False
2024,4,6,80,0.05,False,2024/barcelona,False
2024,4,6,80,0.05,False,2024/silverstone,False
2024,4,6,80,0.05,False,2024/budapest,False
2024,4,6,80,0.05,False,2024/zandvoort,False
2024,4,6,80,0.05,False,2024/monza,True
2024,4,6,80,0.05,False,2024/yas-island,True
2024,4,6,80,0.075,False,2024/sakhir,False
2024,4,6,80,0.075,False,2024/melbourne,False
2024,4,6,80,0.075,False,2024/suzuka,False
2024,4,6,80,0.075,False,2024/imola,False
2024,4,6,80,0.075,False,2024/monaco,False
2024,4,6,80,0.075,False,2024/montreal,False
2024,4,6,80,0.075,False,2024/barcelona,False
2024,4,6,80,0.075,False,2024/silverstone,False
2024,4,6,80,0.075,False,2024/budapest,False
2024,4,6,80,0.075,False,2024/zandvoort,False
2024,4,6,80,0.075,False,2024/monza,True
2024,4,6,80,0.075,False,2024/yas-island,True
2024,4,6,100,0.025,False,2024/sakhir,False
2024,4,6,100,0.025,False,2024/melbourne,False
2024,4,6,100,0.025,False,2024/suzuka,False
2024,4,6,100,0.025,False,2024/imola,False
2024,4,6,100,0.025,False,2024/monaco,False
2024,4,6,100,0.025,False,2024/montreal,False
2024,4,6,100,0.025,False,2024/barcelona,False
2024,4,6,100,0.025,False,2024/silverstone,False
2024,4,6,100,0.025,False,2024/budapest,False
2024,4,6,100,0.025,False,2024/zandvoort,False
2024,4,6,100,0.025,False,2024/monza,True
2024,4,6,100,0.025,False,2024/yas-island,True
2024,4,6,100,0.05,False,2024/sakhir,False
2024,4,6,100,0.05,False,2024/melbourne,False
2024,4,6,100,0.05,False,2024/suzuka,False
2024,4,6,100,0.05,False,2024/imola,False
2024,4,6,100,0.05,False,2024/monaco,False
2024,4,6,100,0.05,False,2024/montreal,False
2024,4,6,100,0.05,False,2024/barcelona,False
2024,4,6,100,0.05,False,2024/silverstone,False
2024,4,6,100,0.05,False,2024/budapest,False
2024,4,6,100,0.05,False,2024/zandvoort,False
2024,4,6,100,0.05,False,2024/monza,True
2024,4,6,100,0.05,False,2024/yas-island,True
2024,4,6,100,0.075,False,2024/sakhir,False
2024,4,6,100,0.075,False,2024/melbourne,False
2024,4,6,100,0.075,False,2024/suzuka,False
2024,4,6,100,0.075,False,2024/imola,False
2024,4,6,100,0.075,False,2024/monaco,False
2024,4,6,100,0.075,False,2024/montreal,False
2024,4,6,100,0.075,False,2024/barcelona,False
2024,4,6,100,0.075,False,2024/silverstone,False
2024,4,6,100,0.075,False,2024/budapest,False
2024,4,6,100,0.075,False,2024/zandvoort,False
2024,4,6,100,0.075,False,2024/monza,True
2024,4,6,100,0.075,False,2024/yas-island,True
2024,4,6,120,0.025,False,2024/sakhir,False
2024,4,6,120,0.025,False,2024/melbourne,False
2024,4,6,120,0.025,False,2024/suzuka,False
2024,4,6,120,0.025,False,2024/imola,False
2024,4,6,120,0.025,False,2024/monaco,False
2024,4,6,120,0.025,False,2024/montreal,False
2024,4,6,120,0.025,False,2024/barcelona,False
2024,4,6,120,0.025,False,2024/silverstone,False
2024,4,6,120,0.025,False,2024/budapest,False
2024,4,6,120,0.025,False,2024/zandvoort,False
2024,4,6,120,0.025,False,2024/monza,True
2024,4,6,120,0.025,False,2024/yas-island,True
2024,4,6,120,0.05,False,2024/sakhir,False
2024,4,6,120,0.05,False,2024/melbourne,False
2024,4,6,120,0.05,False,2024/suzuka,False
2024,4,6,120,0.05,False,2024/imola,False
2024,4,6,120,0.05,False,2024/monaco,False
2024,4,6,120,0.05,False,2024/montreal,False
2024,4,6,120,0.05,False,2024/barcelona,False
2024,4,6,120,0.05,False,2024/silverstone,False
2024,4,6,120,0.05,False,2024/budapest,False
2024,4,6,120,0.05,False,2024/zandvoort,False
2024,4,6,120,0.05,False,2024/monza,True
2024,4,6,120,0.05,False,2024/yas-island,True
2024,4,6,120,0.075,False,2024/sakhir,False
2024,4,6,120,0.075,False,2024/melbourne,False
2024,4,6,120,0.075,False,2024/suzuka,False
2024,4,6,120,0.075,False,2024/imola,False
2024,4,6,120,0.075,False,2024/monaco,False
2024,4,6,120,0.075,False,2024/montreal,False
2024,4,6,120,0.075,False,2024/barcelona,False
2024,4,6,120,0.075,False,2024/silverstone,False
2024,4,6,120,0.075,False,2024/budapest,False
2024,4,6,120,0.075,False,2024/zandvoort,False
2024,4,6,120,0.075,False,2024/monza,True
2024,4,6,120,0.075,False,2024/yas-island,True
2024,5,4,80,0.025,False,2024/sakhir,False
2024,5,4,80,0.025,False,2024/melbourne,False
2024,5,4,80,0.025,False,2024/suzuka,False
2024,5,4,80,0.025,False,2024/imola,False
2024,5,4,80,0.025,False,2024/monaco,False
2024,5,4,80,0.025,False,2024/montreal,False
2024,5,4,80,0.025,False,2024/barcelona,False
2024,5,4,80,0.025,False,2024/silverstone,False
2024,5,4,80,0.025,False,2024/budapest,False
2024,5,4,80,0.025,False,2024/zandvoort,False
2024,5,4,80,0.025,False,2024/monza,True
2024,5,4,80,0.025,False,2024/yas-island,True
2024,5,4,80,0.05,False,2024/sakhir,False
2024,5,4,80,0.05,False,2024/melbourne,False
2024,5,4,80,0.05,False,2024/suzuka,False
2024,5,4,80,0.05,False,2024/imola,False
2024,5,4,80,0.05,False,2024/monaco,False
2024,5,4,80,0.05,False,2024/montreal,False
2024,5,4,80,0.05,False,2024/barcelona,False
2024,5,4,80,0.05,False,2024/silverstone,False
2024,5,4,80,0.05,False,2024/budapest,False
2024,5,4,80,0.05,False,2024/zandvoort,False
2024,5,4,80,0.05,False,2024/monza,True
2024,5,4,80,0.05,False,2024/yas-island,True
2024,5,4,80,0.075,False,2024/sakhir,False
2024,5,4,80,0.075,False,2024/melbourne,False
2024,5,4,80,0.075,False,2024/suzuka,False
2024,5,4,80,0.075,False,2024/imola,False
2024,5,4,80,0.075,False,2024/monaco,False
2024,5,4,80,0.075,False,2024/montreal,False
2024,5,4,80,0.075,False,2024/barcelona,False
2024,5,4,80,0.075,False,2024/silverstone,False
2024,5,4,80,0.075,False,2024/budapest,False
2024,5,4,80,0.075,False,2024/zandvoort,False
2024,5,4,80,0.075,False,2024/monza,True
2024,5,4,80,0.075,False,2024/yas-island,True
2024,5,4,100,0.025,False,2024/sakhir,False
2024,5,4,100,0.025,False,2024/melbourne,False
2024,5,4,100,0.025,False,2024/suzuka,False
2024,5,4,100,0.025,False,2024/imola,False
2024,5,4,100,0.025,False,2024/monaco,False
2024,5,4,100,0.025,False,2024/montreal,False
2024,5,4,100,0.025,False,2024/barcelona,False
2024,5,4,100,0.025,False,2024/silverstone,False
2024,5,4,100,0.025,False,2024/budapest,False
2024,5,4,100,0.025,False,2024/zandvoort,False
2024,5,4,100,0.025,False,2024/monza,True
2024,5,4,100,0.025,False,2024/yas-island,True
2024,5,4,100,0.05,False,2024/sakhir,False
2024,5,4,100,0.05,False,2024/melbourne,False
2024,5,4,100,0.05,False,2024/suzuka,False
2024,5,4,100,0.05,False,2024/imola,False
2024,5,4,100,0.05,False,2024/monaco,False
2024,5,4,100,0.05,False,2024/montreal,False
2024,5,4,100,0.05,False,2024/barcelona,False
2024,5,4,100,0.05,False,2024/silverstone,False
2024,5,4,100,0.05,False,2024/budapest,False
2024,5,4,100,0.05,False,2024/zandvoort,False
2024,5,4,100,0.05,False,2024/monza,True
2024,5,4,100,0.05,False,2024/yas-island,True
2024,5,4,100,0.075,False,2024/sakhir,False
2024,5,4,100,0.075,False,2024/melbourne,False
2024,5,4,100,0.075,False,2024/suzuka,False
2024,5,4,100,0.075,False,2024/imola,False
2024,5,4,100,0.075,False,2024/monaco,False
2024,5,4,100,0.075,False,2024/montreal,False
2024,5,4,100,0.075,False,2024/barcelona,False
2024,5,4,100,0.075,False,2024/silverstone,False
2024,5,4,100,0.075,False,2024/budapest,False
2024,5,4,100,0.075,False,2024/zandvoort,False
2024,5,4,100,0.075,False,2024/monza,True
2024,5,4,100,0.075,False,2024/yas-island,True
2024,5,4,120,0.025,False,2024/sakhir,False
2024,5,4,120,0.025,False,2024/melbourne,False
2024,5,4,120,0.025,False,2024/suzuka,False
2024,5,4,120,0.025,False,2024/imola,False
2024,5,4,120,0.025,False,2024/monaco,False
2024,5,4,120,0.025,False,2024/montreal,False
2024,5,4,120,0.025,False,2024/barcelona,False
2024,5,4,120,0.025,False,2024/silverstone,False
2024,5,4,120,0.025,False,2024/budapest,False
2024,5,4,120,0.025,False,2024/zandvoort,False
2024,5,4,120,0.025,False,2024/monza,True
2024,5,4,120,0.025,False,2024/yas-island,True
2024,5,4,120,0.05,False,2024/sakhir,False
2024,5,4,120,0.05,False,2024/melbourne,False
2024,5,4,120,0.05,False,2024/suzuka,False
2024,5,4,120,0.05,False,2024/imola,False
2024,5,4,120,0.05,False,2024/monaco,False
2024,5,4,120,0.05,False,2024/montreal,False
2024,5,4,120,0.05,False,2024/barcelona,False
2024,5,4,120,0.05,False,2024/silverstone,False
2024,5,4,120,0.05,False,2024/budapest,False
2024,5,4,120,0.05,False,2024/zandvoort,False
2024,5,4,120,0.05,False,2024/monza,True
2024,5,4,120,0.05,False,2024/yas-island,True
2024,5,4,120,0.075,False,2024/sakhir,False
2024,5,4,120,0.075,False,2024/melbourne,False
2024,5,4,120,0.075,False,2024/suzuka,False
2024,5,4,120,0.075,False,2024/imola,False
2024,5,4,120,0.075,False,2024/monaco,False
2024,5,4,120,0.075,False,2024/montreal,False
2024,5,4,120,0.075,False,2024/barcelona,False
2024,5,4,120,0.075,False,2024/silverstone,False
2024,5,4,120,0.075,False,2024/budapest,False
2024,5,4,120,0.075,False,2024/zandvoort,False
2024,5,4,120,0.075,False,2024/monza,True
2024,5,4,120,0.075,False,2024/yas-island,True
2024,5,5,80,0.025,False,2024/sakhir,False
2024,5,5,80,0.025,False,2024/melbourne,False
2024,5,5,80,0.025,False,2024/suzuka,False
2024,5,5,80,0.025,False,2024/imola,False
2024,5,5,80,0.025,False,2024/monaco,False
2024,5,5,80,0.025,False,2024/montreal,False
2024,5,5,80,0.025,False,2024/barcelona,False
2024,5,5,80,0.025,False,2024/silverstone,False
2024,5,5,80,0.025,False,2024/budapest,False
2024,5,5,80,0.025,False,2024/zandvoort,False
2024,5,5,80,0.025,False,2024/monza,True
2024,5,5,80,0.025,False,2024/yas-island,True
2024,5,5,80,0.05,False,2024/sakhir,False
2024,5,5,80,0.05,False,2024/melbourne,False
2024,5,5,80,0.05,False,2024/suzuka,False
2024,5,5,80,0.05,False,2024/imola,False
2024,5,5,80,0.05,False,2024/monaco,False
2024,5,5,80,0.05,False,2024/montreal,False
2024,5,5,80,0.05,False,2024/barcelona,False
2024,5,5,80,0.05,False,2024/silverstone,False
2024,5,5,80,0.05,False,2024/budapest,False
2024,5,5,80,0.05,False,2024/zandvoort,False
2024,5,5,80,0.05,False,2024/monza,True
2024,5,5,80,0.05,False,2024/yas-island,True
2024,5,5,80,0.075,False,2024/sakhir,False
2024,5,5,80,0.075,False,2024/melbourne,False
2024,5,5,80,0.075,False,2024/suzuka,False
2024,5,5,80,0.075,False,2024/imola,False
2024,5,5,80,0.075,False,2024/monaco,False
2024,5,5,80,0.075,False,2024/montreal,False
2024,5,5,80,0.075,False,2024/barcelona,False
2024,5,5,80,0.075,False,2024/silverstone,False
2024,5,5,80,0.075,False,2024/budapest,False
2024,5,5,80,0.075,False,2024/zandvoort,False
2024,5,5,80,0.075,False,2024/monza,True
2024,5,5,80,0.075,False,2024/yas-island,True
2024,5,5,100,0.025,False,2024/sakhir,False
2024,5,5,100,0.025,False,2024/melbourne,False
2024,5,5,100,0.025,False,2024/suzuka,False
2024,5,5,100,0.025,False,2024/imola,False
2024,5,5,100,0.025,False,2024/monaco,False
2024,5,5,100,0.025,False,2024/montreal,False
2024,5,5,100,0.025,False,2024/barcelona,False
2024,5,5,100,0.025,False,2024/silverstone,False
2024,5,5,100,0.025,False,2024/budapest,False
2024,5,5,100,0.025,False,2024/zandvoort,False
2024,5,5,100,0.025,False,2024/monza,True
2024,5,5,100,0.025,False,2024/yas-island,True
2024,5,5,100,0.05,True,2024/sakhir,False
2024,5,5,100,0.05,True,2024/melbourne,False
2024,5,5,100,0.05,True,2024/suzuka,False
2024,5,5,100,0.05,True,2024/imola,False
2024,5,5,100,0.05,True,2024/monaco,False
2024,5,5,100,0.05,True,2024/montreal,False
2024,5,5,100,0.05,True,2024/barcelona,False
2024,5,5,100,0.05,True,2024/silverstone,False
2024,5,5,100,0.05,True,2024/budapest,False
2024,5,5,100,0.05,True,2024/zandvoort,False
2024,5,5,100,0.05,True,2024/monza,True
2024,5,5,100,0.05,True,2024/yas-island,True
2024,5,5,100,0.075,False,2024/sakhir,False
2024,5,5,100,0.075,False,2024/melbourne,False
2024,5,5,100,0.075,False,2024/suzuka,False
2024,5,5,100,0.075,False,2024/imola,False
2024,5,5,100,0.075,False,2024/monaco,False
2024,5,5,100,0.075,False,2024/montreal,False
2024,5,5,100,0.075,False,2024/barcelona,False
2024,5,5,100,0.075,False,2024/silverstone,False
2024,5,5,100,0.075,False,2024/budapest,False
2024,5,5,100,0.075,False,2024/zandvoort,False
2024,5,5,100,0.075,False,2024/monza,True
2024,5,5,100,0.075,False,2024/yas-island,True
2024,5,5,120,0.025,False,2024/sakhir,False
2024,5,5,120,0.025,False,2024/melbourne,False
2024,5,5,120,0.025,False,2024/suzuka,False
2024,5,5,120,0.025,False,2024/imola,False
2024,5,5,120,0.025,False,2024/monaco,False
2024,5,5,120,0.025,False,2024/montreal,False
2024,5,5,120,0.025,False,2024/barcelona,False
2024,5,5,120,0.025,False,2024/silverstone,False
2024,5,5,120,0.025,False,2024/budapest,False
2024,5,5,120,0.025,False,2024/zandvoort,False
2024,5,5,120,0.025,False,2024/monza,True
2024,5,5,120,0.025,False,2024/yas-island,True
2024,5,5,120,0.05,False,2024/sakhir,False
2024,5,5,120,0.05,False,2024/melbourne,False
2024,5,5,120,0.05,False,2024/suzuka,False
2024,5,5,120,0.05,False,2024/imola,False
2024,5,5,120,0.05,False,2024/monaco,False
2024,5,5,120,0.05,False,2024/montreal,False
2024,5,5,120,0.05,False,2024/barcelona,False
2024,5,5,120,0.05,False,2024/silverstone,False
2024,5,5,120,0.05,False,2024/budapest,False
2024,5,5,120,0.05,False,2024/zandvoort,False
2024,5,5,120,0.05,False,2024/monza,True
2024,5,5,120,0.05,False,2024/yas-island,True
2024,5,5,120,0.075,False,2024/sakhir,False
2024,5,5,120,0.075,False,2024/melbourne,False
2024,5,5,120,0.075,False,2024/suzuka,False
2024,5,5,120,0.075,False,2024/imola,False
2024,5,5,120,0.075,False,2024/monaco,False
2024,5,5,120,0.075,False,2024/montreal,False
2024,5,5,120,0.075,False,2024/barcelona,False
2024,5,5,120,0.075,False,2024/silverstone,False
2024,5,5,120,0.075,False,2024/budapest,False
2024,5,5,120,0.075,False,2024/zandvoort,False
2024,5,5,120,0.075,False,2024/monza,True
2024,5,5,120,0.075,False,2024/yas-island,True
2024,5,6,80,0.025,False,2024/sakhir,False
2024,5,6,80,0.025,False,2024/melbourne,False
2024,5,6,80,0.025,False,2024/suzuka,False
2024,5,6,80,0.025,False,2024/imola,False
2024,5,6,80,0.025,False,2024/monaco,False
2024,5,6,80,0.025,False,2024/montreal,False
2024,5,6,80,0.025,False,2024/barcelona,False
2024,5,6,80,0.025,False,2024/silverstone,False
2024,5,6,80,0.025,False,2024/budapest,False
2024,5,6,80,0.025,False,2024/zandvoort,False
2024,5,6,80,0.025,False,2024/monza,True
2024,5,6,80,0.025,False,2024/yas-island,True
2024,5,6,80,0.05,False,2024/sakhir,False
2024,5,6,80,0.05,False,2024/melbourne,False
2024,5,6,80,0.05,False,2024/suzuka,False
2024,5,6,80,0.05,False,2024/imola,False
2024,5,6,80,0.05,False,2024/monaco,False
2024,5,6,80,0.05,False,2024/montreal,False
2024,5,6,80,0.05,False,2024/barcelona,False
2024,5,6,80,0.05,False,2024/silverstone,False
2024,5,6,80,0.05,False,2024/budapest,False
2024,5,6,80,0.05,False,2024/zandvoort,False
2024,5,6,80,0.05,False,2024/monza,True
2024,5,6,80,0.05,False,2024/yas-island,True
2024,5,6,80,0.075,False,2024/sakhir,False
2024,5,6,80,0.075,False,2024/melbourne,False
2024,5,6,80,0.075,False,2024/suzuka,False
2024,5,6,80,0.075,False,2024/imola,False
2024,5,6,80,0.075,False,2024/monaco,False
2024,5,6,80,0.075,False,2024/montreal,False
2024,5,6,80,0.075,False,2024/barcelona,False
2024,5,6,80,0.075,False,2024/silverstone,False
2024,5,6,80,0.075,False,2024/budapest,False
2024,5,6,80,0.075,False,2024/zandvoort,False
2024,5,6,80,0.075,False,2024/monza,True
2024,5,6,80,0.075,False,2024/yas-island,True
2024,5,6,100,0.025,False,2024/sakhir,False
2024,5,6,100,0.025,False,2024/melbourne,False
2024,5,6,100,0.025,False,2024/suzuka,False
2024,5,6,100,0.025,False,2024/imola,False
2024,5,6,100,0.025,False,2024/monaco,False
2024,5,6,100,0.025,False,2024/montreal,False
2024,5,6,100,0.025,False,2024/barcelona,False
2024,5,6,100,0.025,False,2024/silverstone,False
2024,5,6,100,0.025,False,2024/budapest,False
2024,5,6,100,0.025,False,2024/zandvoort,False
2024,5,6,100,0.025,False,2024/monza,True
2024,5,6,100,0.025,False,2024/yas-island,True
2024,5,6,100,0.05,False,2024/sakhir,False
2024,5,6,100,0.05,False,2024/melbourne,False
2024,5,6,100,0.05,False,2024/suzuka,False
2024,5,6,100,0.05,False,2024/imola,False
2024,5,6,100,0.05,False,2024/monaco,False
2024,5,6,100,0.05,False,2024/montreal,False
2024,5,6,100,0.05,False,2024/barcelona,False
2024,5,6,100,0.05,False,2024/silverstone,False
2024,5,6,100,0.05,False,2024/budapest,False
2024,5,6,100,0.05,False,2024/zandvoort,False
2024,5,6,100,0.05,False,2024/monza,True
2024,5,6,100,0.05,False,2024/yas-island,True
2024,5,6,100,0.075,False,2024/sakhir,False
2024,5,6,100,0.075,False,2024/melbourne,False
2024,5,6,100,0.075,False,2024/suzuka,False
2024,5,6,100,0.075,False,2024/imola,False
2024,5,6,100,0.075,False,2024/monaco,False
2024,5,6,100,0.075,False,2024/montreal,False
2024,5,6,100,0.075,False,2024/barcelona,False
2024,5,6,100,0.075,False,2024/silverstone,False
2024,5,6,100,0.075,False,2024/budapest,False
2024,5,6,100,0.075,False,2024/zandvoort,False
2024,5,6,100,0.075,False,2024/monza,True
2024,5,6,100,0.075,False,2024/yas-island,True
2024,5,6,120,0.025,False,2024/sakhir,False
2024,5,6,120,0.025,False,2024/melbourne,False
2024,5,6,120,0.025,False,2024/suzuka,False
2024,5,6,120,0.025,False,2024/imola,False
2024,5,6,120,0.025,False,2024/monaco,False
2024,5,6,120,0.025,False,2024/montreal,False
2024,5,6,120,0.025,False,2024/barcelona,False
2024,5,6,120,0.025,False,2024/silverstone,False
2024,5,6,120,0.025,False,2024/budapest,False
2024,5,6,120,0.025,False,2024/zandvoort,False
2024,5,6,120,0.025,False,2024/monza,True
2024,5,6,120,0.025,False,2024/yas-island,True
2024,5,6,120,0.05,False,2024/sakhir,False
2024,5,6,120,0.05,False,2024/melbourne,False
2024,5,6,120,0.05,False,2024/suzuka,False
2024,5,6,120,0.05,False,2024/imola,False
2024,5,6,120,0.05,False,2024/monaco,False
2024,5,6,120,0.05,False,2024/montreal,False
2024,5,6,120,0.05,False,2024/barcelona,False
2024,5,6,120,0.05,False,2024/silverstone,False
2024,5,6,120,0.05,False,2024/budapest,False
2024,5,6,120,0.05,False,2024/zandvoort,False
2024,5,6,120,0.05,False,2024/monza,True
2024,5,6,120,0.05,False,2024/yas-island,True
2024,5,6,120,0.075,False,2024/sakhir,False
2024,5,6,120,0.075,False,2024/melbourne,False
2024,5,6,120,0.075,False,2024/suzuka,False
2024,5,6,120,0.075,False,2024/imola,False
2024,5,6,120,0.075,False,2024/monaco,False
2024,5,6,120,0.075,False,2024/montreal,False
2024,5,6,120,0.075,False,2024/barcelona,False
2024,5,6,120,0.075,False,2024/silverstone,False
2024,5,6,120,0.075,False,2024/budapest,False
2024,5,6,120,0.075,False,2024/zandvoort,False
2024,5,6,120,0.075,False,2024/monza,True
2024,5,6,120,0.075,False,2024/yas-island,True
2024,6,4,80,0.025,False,2024/sakhir,False
2024,6,4,80,0.025,False,2024/melbourne,False
2024,6,4,80,0.025,False,2024/suzuka,False
2024,6,4,80,0.025,False,2024/imola,False
2024,6,4,80,0.025,False,2024/monaco,False
2024,6,4,80,0.025,False,2024/montreal,False
2024,6,4,80,0.025,False,2024/barcelona,False
2024,6,4,80,0.025,False,2024/silverstone,False
2024,6,4,80,0.025,False,2024/budapest,False
2024,6,4,80,0.025,False,2024/zandvoort,False
2024,6,4,80,0.025,False,2024/monza,True
2024,6,4,80,0.025,False,2024/yas-island,True
2024,6,4,80,0.05,False,2024/sakhir,False
2024,6,4,80,0.05,False,2024/melbourne,False
2024,6,4,80,0.05,False,2024/suzuka,False
2024,6,4,80,0.05,False,2024/imola,False
2024,6,4,80,0.05,False,2024/monaco,False
2024,6,4,80,0.05,False,2024/montreal,False
2024,6,4,80,0.05,False,2024/barcelona,False
2024,6,4,80,0.05,False,2024/silverstone,False
2024,6,4,80,0.05,False,2024/budapest,False
2024,6,4,80,0.05,False,2024/zandvoort,False
2024,6,4,80,0.05,False,2024/monza,True
2024,6,4,80,0.05,False,2024/yas-island,True
2024,6,4,80,0.075,False,2024/sakhir,False
2024,6,4,80,0.075,False,2024/melbourne,False
2024,6,4,80,0.075,False,2024/suzuka,False
2024,6,4,80,0.075,False,2024/imola,False
2024,6,4,80,0.075,False,2024/monaco,False
2024,6,4,80,0.075,False,2024/montreal,False
2024,6,4,80,0.075,False,2024/barcelona,False
2024,6,4,80,0.075,False,2024/silverstone,False
2024,6,4,80,0.075,False,2024/budapest,False
2024,6,4,80,0.075,False,2024/zandvoort,False
2024,6,4,80,0.075,False,2024/monza,True
2024,6,4,80,0.075,False,2024/yas-island,True
2024,6,4,100,0.025,False,2024/sakhir,False
2024,6,4,100,0.025,False,2024/melbourne,False
2024,6,4,100,0.025,False,2024/suzuka,False
2024,6,4,100,0.025,False,2024/imola,False
2024,6,4,100,0.025,False,2024/monaco,False
2024,6,4,100,0.025,False,2024/montreal,False
2024,6,4,100,0.025,False,2024/barcelona,False
2024,6,4,100,0.025,False,2024/silverstone,False
2024,6,4,100,0.025,False,2024/budapest,False
2024,6,4,100,0.025,False,2024/zandvoort,False
2024,6,4,100,0.025,False,2024/monza,True
2024,6,4,100,0.025,False,2024/yas-island,True
2024,6,4,100,0.05,False,2024/sakhir,False
2024,6,4,100,0.05,False,2024/melbourne,False
2024,6,4,100,0.05,False,2024/suzuka,False
2024,6,4,100,0.05,False,2024/imola,False
2024,6,4,100,0.05,False,2024/monaco,False
2024,6,4,100,0.05,False,2024/montreal,False
2024,6,4,100,0.05,False,2024/barcelona,False
2024,6,4,100,0.05,False,2024/silverstone,False
2024,6,4,100,0.05,False,2024/budapest,False
2024,6,4,100,0.05,False,2024/zandvoort,False
2024,6,4,100,0.05,False,2024/monza,True
2024,6,4,100,0.05,False,2024/yas-island,True
2024,6,4,100,0.075,False,2024/sakhir,False
2024,6,4,100,0.075,False,2024/melbourne,False
2024,6,4,100,0.075,False,2024/suzuka,False
2024,6,4,100,0.075,False,2024/imola,False
2024,6,4,100,0.075,False,2024/monaco,False
2024,6,4,100,0.075,False,2024/montreal,False
2024,6,4,100,0.075,False,2024/barcelona,False
2024,6,4,100,0.075,False,2024/silverstone,False
2024,6,4,100,0.075,False,2024/budapest,False
2024,6,4,100,0.075,False,2024/zandvoort,False
2024,6,4,100,0.075,False,2024/monza,True
2024,6,4,100,0.075,False,2024/yas-island,True
2024,6,4,120,0.025,False,2024/sakhir,False
2024,6,4,120,0.025,False,2024/melbourne,False
2024,6,4,120,0.025,False,2024/suzuka,False
2024,6,4,120,0.025,False,2024/imola,False
2024,6,4,120,0.025,False,2024/monaco,False
2024,6,4,120,0.025,False,2024/montreal,False
2024,6,4,120,0.025,False,2024/barcelona,False
2024,6,4,120,0.025,False,2024/silverstone,False
2024,6,4,120,0.025,False,2024/budapest,False
2024,6,4,120,0.025,False,2024/zandvoort,False
2024,6,4,120,0.025,False,2024/monza,True
2024,6,4,120,0.025,False,2024/yas-island,True
2024,6,4,120,0.05,False,2024/sakhir,False
2024,6,4,120,0.05,False,2024/melbourne,False
2024,6,4,120,0.05,False,2024/suzuka,False
2024,6,4,120,0.05,False,2024/imola,False
2024,6,4,120,0.05,False,2024/monaco,False
2024,6,4,120,0.05,False,2024/montreal,False
2024,6,4,120,0.05,False,2024/barcelona,False
2024,6,4,120,0.05,False,2024/silverstone,False
2024,6,4,120,0.05,False,2024/budapest,False
2024,6,4,120,0.05,False,2024/zandvoort,False
2024,6,4,120,0.05,False,2024/monza,True
2024,6,4,120,0.05,False,2024/yas-island,True
2024,6,4,120,0.075,False,2024/sakhir,False
2024,6,4,120,0.075,False,2024/melbourne,False
2024,6,4,120,0.075,False,2024/suzuka,False
2024,6,4,120,0.075,False,2024/imola,False
2024,6,4,120,0.075,False,2024/monaco,False
2024,6,4,120,0.075,False,2024/montreal,False
2024,6,4,120,0.075,False,2024/barcelona,False
2024,6,4,120,0.075,False,2024/silverstone,False
2024,6,4,120,0.075,False,2024/budapest,False
2024,6,4,120,0.075,False,2024/zandvoort,False
2024,6,4,120,0.075,False,2024/monza,True
2024,6,4,120,0.075,False,2024/yas-island,True
2024,6,5,80,0.025,False,2024/sakhir,False
2024,6,5,80,0.025,False,2024/melbourne,False
2024,6,5,80,0.025,False,2024/suzuka,False
2024,6,5,80,0.025,False,2024/imola,False
2024,6,5,80,0.025,False,2024/monaco,False
2024,6,5,80,0.025,False,2024/montreal,False
2024,6,5,80,0.025,False,2024/barcelona,False
2024,6,5,80,0.025,False,2024/silverstone,False
2024,6,5,80,0.025,False,2024/budapest,False
2024,6,5,80,0.025,False,2024/zandvoort,False
2024,6,5,80,0.025,False,2024/monza,True
2024,6,5,80,0.025,False,2024/yas-island,True
2024,6,5,80,0.05,False,2024/sakhir,False
2024,6,5,80,0.05,False,2024/melbourne,False
2024,6,5,80,0.05,False,2024/suzuka,False
2024,6,5,80,0.05,False,2024/imola,False
2024,6,5,80,0.05,False,2024/monaco,False
2024,6,5,80,0.05,False,2024/montreal,False
2024,6,5,80,0.05,False,2024/barcelona,False
2024,6,5,80,0.05,False,2024/silverstone,False
2024,6,5,80,0.05,False,2024/budapest,False
2024,6,5,80,0.05,False,2024/zandvoort,False
2024,6,5,80,0.05,False,2024/monza,True
2024,6,5,80,0.05,False,2024/yas-island,True
2024,6,5,80,0.075,False,2024/sakhir,False
2024,6,5,80,0.075,False,2024/melbourne,False
2024,6,5,80,0.075,False,2024/suzuka,False
2024,6,5,80,0.075,False,2024/imola,False
2024,6,5,80,0.075,False,2024/monaco,False
2024,6,5,80,0.075,False,2024/montreal,False
2024,6,5,80,0.075,False,2024/barcelona,False
2024,6,5,80,0.075,False,2024/silverstone,False
2024,6,5,80,0.075,False,2024/budapest,False
2024,6,5,80,0.075,False,2024/zandvoort,False
2024,6,5,80,0.075,False,2024/monza,True
2024,6,5,80,0.075,False,2024/yas-island,True
2024,6,5,100,0.025,False,2024/sakhir,False
2024,6,5,100,0.025,False,2024/melbourne,False
2024,6,5,100,0.025,False,2024/suzuka,False
2024,6,5,100,0.025,False,2024/imola,False
2024,6,5,100,0.025,False,2024/monaco,False
2024,6,5,100,0.025,False,2024/montreal,False
2024,6,5,100,0.025,False,2024/barcelona,False
2024,6,5,100,0.025,False,2024/silverstone,False
2024,6,5,100,0.025,False,2024/budapest,False
2024,6,5,100,0.025,False,2024/zandvoort,False
2024,6,5,100,0.025,False,2024/monza,True
2024,6,5,100,0.025,False,2024/yas-island,True
2024,6,5,100,0.05,False,2024/sakhir,False
2024,6,5,100,0.05,False,2024/melbourne,False
2024,6,5,100,0.05,False,2024/suzuka,False
2024,6,5,100,0.05,False,2024/imola,False
2024,6,5,100,0.05,False,2024/monaco,False
2024,6,5,100,0.05,False,2024/montreal,False
2024,6,5,100,0.05,False,2024/barcelona,False
2024,6,5,100,0.05,False,2024/silverstone,False
2024,6,5,100,0.05,False,2024/budapest,False
2024,6,5,100,0.05,False,2024/zandvoort,False
2024,6,5,100,0.05,False,2024/monza,True
2024,6,5,100,0.05,False,2024/yas-island,True
2024,6,5,100,0.075,False,2024/sakhir,False
2024,6,5,100,0.075,False,2024/melbourne,False
2024,6,5,100,0.075,False,2024/suzuka,False
2024,6,5,100,0.075,False,2024/imola,False
2024,6,5,100,0.075,False,2024/monaco,False
2024,6,5,100,0.075,False,2024/montreal,False
2024,6,5,100,0.075,False,2024/barcelona,False
2024,6,5,100,0.075,False,2024/silverstone,False
2024,6,5,100,0.075,False,2024/budapest,False
2024,6,5,100,0.075,False,2024/zandvoort,False
2024,6,5,100,0.075,False,2024/monza,True
2024,6,5,100,0.075,False,2024/yas-island,True
2024,6,5,120,0.025,False,2024/sakhir,False
2024,6,5,120,0.025,False,2024/melbourne,False
2024,6,5,120,0.025,False,2024/suzuka,False
2024,6,5,120,0.025,False,2024/imola,False
2024,6,5,120,0.025,False,2024/monaco,False
2024,6,5,120,0.025,False,2024/montreal,False
2024,6,5,120,0.025,False,2024/barcelona,False
2024,6,5,120,0.025,False,2024/silverstone,False
2024,6,5,120,0.025,False,2024/budapest,False
2024,6,5,120,0.025,False,2024/zandvoort,False
2024,6,5,120,0.025,False,2024/monza,True
2024,6,5,120,0.025,False,2024/yas-island,True
2024,6,5,120,0.05,False,2024/sakhir,False
2024,6,5,120,0.05,False,2024/melbourne,False
2024,6,5,120,0.05,False,2024/suzuka,False
2024,6,5,120,0.05,False,2024/imola,False
2024,6,5,120,0.05,False,2024/monaco,False
2024,6,5,120,0.05,False,2024/montreal,False
2024,6,5,120,0.05,False,2024/barcelona,False
2024,6,5,120,0.05,False,2024/silverstone,False
2024,6,5,120,0.05,False,2024/budapest,False
2024,6,5,120,0.05,False,2024/zandvoort,False
2024,6,5,120,0.05,False,2024/monza,True
2024,6,5,120,0.05,False,2024/yas-island,True
2024,6,5,120,0.075,False,2024/sakhir,False
2024,6,5,120,0.075,False,2024/melbourne,False
2024,6,5,120,0.075,False,2024/suzuka,False
2024,6,5,120,0.075,False,2024/imola,False
2024,6,5,120,0.075,False,2024/monaco,False
2024,6,5,120,0.075,False,2024/montreal,False
2024,6,5,120,0.075,False,2024/barcelona,False
2024,6,5,120,0.075,False,2024/silverstone,False
2024,6,5,120,0.075,False,2024/budapest,False
2024,6,5,120,0.075,False,2024/zandvoort,False
2024,6,5,120,0.075,False,2024/monza,True
2024,6,5,120,0.075,False,2024/yas-island,True
2024,6,6,80,0.025,False,2024/sakhir,False
2024,6,6,80,0.025,False,2024/melbourne,False
2024,6,6,80,0.025,False,2024/suzuka,False
2024,6,6,80,0.025,False,2024/imola,False
2024,6,6,80,0.025,False,2024/monaco,False
2024,6,6,80,0.025,False,2024/montreal,False
2024,6,6,80,0.025,False,2024/barcelona,False
2024,6,6,80,0.025,False,2024/silverstone,False
2024,6,6,80,0.025,False,2024/budapest,False
2024,6,6,80,0.025,False,2024/zandvoort,False
2024,6,6,80,0.025,False,2024/monza,True
2024,6,6,80,0.025,False,2024/yas-island,True
2024,6,6,80,0.05,False,2024/sakhir,False
2024,6,6,80,0.05,False,2024/melbourne,False
2024,6,6,80,0.05,False,2024/suzuka,False
2024,6,6,80,0.05,False,2024/imola,False
2024,6,6,80,0.05,False,2024/monaco,False
2024,6,6,80,0.05,False,2024/montreal,False
2024,6,6,80,0.05,False,2024/barcelona,False
2024,6,6,80,0.05,False,2024/silverstone,False
2024,6,6,80,0.05,False,2024/budapest,False
2024,6,6,80,0.05,False,2024/zandvoort,False
2024,6,6,80,0.05,False,2024/monza,True
2024,6,6,80,0.05,False,2024/yas-island,True
2024,6,6,80,0.075,False,2024/sakhir,False
2024,6,6,80,0.075,False,2024/melbourne,False
2024,6,6,80,0.075,False,2024/suzuka,False
2024,6,6,80,0.075,False,2024/imola,False
2024,6,6,80,0.075,False,2024/monaco,False
2024,6,6,80,0.075,False,2024/montreal,False
2024,6,6,80,0.075,False,2024/barcelona,False
2024,6,6,80,0.075,False,2024/silverstone,False
2024,6,6,80,0.075,False,2024/budapest,False
2024,6,6,80,0.075,False,2024/zandvoort,False
2024,6,6,80,0.075,False,2024/monza,True
2024,6,6,80,0.075,False,2024/yas-island,True
2024,6,6,100,0.025,False,2024/sakhir,False
2024,6,6,100,0.025,False,2024/melbourne,False
2024,6,6,100,0.025,False,2024/suzuka,False
2024,6,6,100,0.025,False,2024/imola,False
2024,6,6,100,0.025,False,2024/monaco,False
2024,6,6,100,0.025,False,2024/montreal,False
2024,6,6,100,0.025,False,2024/barcelona,False
2024,6,6,100,0.025,False,2024/silverstone,False
2024,6,6,100,0.025,False,2024/budapest,False
2024,6,6,100,0.025,False,2024/zandvoort,False
2024,6,6,100,0.025,False,2024/monza,True
2024,6,6,100,0.025,False,2024/yas-island,True
2024,6,6,100,0.05,False,2024/sakhir,False
2024,6,6,100,0.05,False,2024/melbourne,False
2024,6,6,100,0.05,False,2024/suzuka,False
2024,6,6,100,0.05,False,2024/imola,False
2024,6,6,100,0.05,False,2024/monaco,False
2024,6,6,100,0.05,False,2024/montreal,False
2024,6,6,100,0.05,False,2024/barcelona,False
2024,6,6,100,0.05,False,2024/silverstone,False
2024,6,6,100,0.05,False,2024/budapest,False
2024,6,6,100,0.05,False,2024/zandvoort,False
2024,6,6,100,0.05,False,2024/monza,True
2024,6,6,100,0.05,False,2024/yas-island,True
2024,6,6,100,0.075,False,2024/sakhir,False
2024,6,6,100,0.075,False,2024/melbourne,False
2024,6,6,100,0.075,False,2024/suzuka,False
2024,6,6,100,0.075,False,2024/imola,False
2024,6,6,100,0.075,False,2024/monaco,False
2024,6,6,100,0.075,False,2024/montreal,False
2024,6,6,100,0.075,False,2024/barcelona,False
2024,6,6,100,0.075,False,2024/silverstone,False
2024,6,6,100,0.075,False,2024/budapest,False
2024,6,6,100,0.075,False,2024/zandvoort,False
2024,6,6,100,0.075,False,2024/monza,True
2024,6,6,100,0.075,False,2024/yas-island,True
2024,6,6,120,0.025,False,2024/sakhir,False
2024,6,6,120,0.025,False,2024/melbourne,False
2024,6,6,120,0.025,False,2024/suzuka,False
2024,6,6,120,0.025,False,2024/imola,False
2024,6,6,120,0.025,False,2024/monaco,False
2024,6,6,120,0.025,False,2024/montreal,False
2024,6,6,120,0.025,False,2024/barcelona,False
2024,6,6,120,0.025,False,2024/silverstone,False
2024,6,6,120,0.025,False,2024/budapest,False
2024,6,6,120,0.025,False,2024/zandvoort,False
2024,6,6,120,0.025,False,2024/monza,True
2024,6,6,120,0.025,False,2024/yas-island,True
2024,6,6,120,0.05,False,2024/sakhir,False
2024,6,6,120,0.05,False,2024/melbourne,False
2024,6,6,120,0.05,False,2024/suzuka,False
2024,6,6,120,0.05,False,2024/imola,False
2024,6,6,120,0.05,False,2024/monaco,False
2024,6,6,120,0.05,False,2024/montreal,False
2024,6,6,120,0.05,False,2024/barcelona,False
2024,6,6,120,0.05,False,2024/silverstone,False
2024,6,6,120,0.05,False,2024/budapest,False
2024,6,6,120,0.05,False,2024/zandvoort,False
2024,6,6,120,0.05,False,2024/monza,True
2024,6,6,120,0.05,False,2024/yas-island,True
2024,6,6,120,0.075,False,2024/sakhir,False
2024,6,6,120,0.075,False,2024/melbourne,False
2024,6,6,120,0.075,False,2024/suzuka,False
2024,6,6,120,0.075,False,2024/imola,False
2024,6,6,120,0.075,False,2024/monaco,False
2024,6,6,120,0.075,False,2024/montreal,False
2024,6,6,120,0.075,False,2024/barcelona,False
2024,6,6,120,0.075,False,2024/silverstone,False
2024,6,6,120,0.075,False,2024/budapest,False
2024,6,6,120,0.075,False,2024/zandvoort,False
2024,6,6,120,0.075,False,2024/monza,True
2024,6,6,120,0.075,False,2024/yas-island,True
2025,4,4,80,0.025,False,2025/melbourne,False
2025,4,4,80,0.025,False,2025/suzuka,False
2025,4,4,80,0.025,False,2025/sakhir,False
2025,4,4,80,0.025,False,2025/jeddah,False
2025,4,4,80,0.025,False,2025/imola,True
2025,4,4,80,0.025,False,2025/monaco,True
2025,4,4,80,0.025,False,2025/barcelona,True
2025,4,4,80,0.025,False,2025/montreal,True
2025,4,4,80,0.025,False,2025/spielberg,True
2025,4,4,80,0.025,False,2025/silverstone,True
2025,4,4,80,0.025,False,2025/budapest,True
2025,4,4,80,0.025,False,2025/zandvoort,True
2025,4,4,80,0.025,False,2025/monza,True
2025,4,4,80,0.025,False,2025/baku,True
2025,4,4,80,0.025,False,2025/marina-bay,True
2025,4,4,80,0.025,False,2025/mexico-city,True
2025,4,4,80,0.025,False,2025/las-vegas,True
2025,4,4,80,0.025,False,2025/yas-island,True
2025,4,4,80,0.05,False,2025/melbourne,False
2025,4,4,80,0.05,False,2025/suzuka,False
2025,4,4,80,0.05,False,2025/sakhir,False
2025,4,4,80,0.05,False,2025/jeddah,False
2025,4,4,80,0.05,False,2025/imola,True
2025,4,4,80,0.05,False,2025/monaco,True
2025,4,4,80,0.05,False,2025/barcelona,True
2025,4,4,80,0.05,False,2025/montreal,True
2025,4,4,80,0.05,False,2025/spielberg,True
2025,4,4,80,0.05,False,2025/silverstone,True
2025,4,4,80,0.05,False,2025/budapest,True
2025,4,4,80,0.05,False,2025/zandvoort,True
2025,4,4,80,0.05,False,2025/monza,True
2025,4,4,80,0.05,False,2025/baku,True
2025,4,4,80,0.05,False,2025/marina-bay,True
2025,4,4,80,0.05,False,2025/mexico-city,True
2025,4,4,80,0.05,False,2025/las-vegas,True
2025,4,4,80,0.05,False,2025/yas-island,True
2025,4,4,80,0.075,False,2025/melbourne,False
2025,4,4,80,0.075,False,2025/suzuka,False
2025,4,4,80,0.075,False,2025/sakhir,False
2025,4,4,80,0.075,False,2025/jeddah,False
2025,4,4,80,0.075,False,2025/imola,True
2025,4,4,80,0.075,False,2025/monaco,True
2025,4,4,80,0.075,False,2025/barcelona,True
2025,4,4,80,0.075,False,2025/montreal,True
2025,4,4,80,0.075,False,2025/spielberg,True
2025,4,4,80,0.075,False,2025/silverstone,True
2025,4,4,80,0.075,False,2025/budapest,True
2025,4,4,80,0.075,False,2025/zandvoort,True
2025,4,4,80,0.075,False,2025/monza,True
2025,4,4,80,0.075,False,2025/baku,True
2025,4,4,80,0.075,False,2025/marina-bay,True
2025,4,4,80,0.075,False,2025/mexico-city,True
2025,4,4,80,0.075,False,2025/las-vegas,True
2025,4,4,80,0.075,False,2025/yas-island,True
2025,4,4,100,0.025,False,2025/melbourne,False
2025,4,4,100,0.025,False,2025/suzuka,False
2025,4,4,100,0.025,False,2025/sakhir,False
2025,4,4,100,0.025,False,2025/jeddah,False
2025,4,4,100,0.025,False,2025/imola,True
2025,4,4,100,0.025,False,2025/monaco,True
2025,4,4,100,0.025,False,2025/barcelona,True
2025,4,4,100,0.025,False,2025/montreal,True
2025,4,4,100,0.025,False,2025/spielberg,True
2025,4,4,100,0.025,False,2025/silverstone,True
2025,4,4,100,0.025,False,2025/budapest,True
2025,4,4,100,0.025,False,2025/zandvoort,True
2025,4,4,100,0.025,False,2025/monza,True
2025,4,4,100,0.025,False,2025/baku,True
2025,4,4,100,0.025,False,2025/marina-bay,True
2025,4,4,100,0.025,False,2025/mexico-city,True
2025,4,4,100,0.025,False,2025/las-vegas,True
2025,4,4,100,0.025,False,2025/yas-island,True
2025,4,4,100,0.05,False,2025/melbourne,False
2025,4,4,100,0.05,False,2025/suzuka,False
2025,4,4,100,0.05,False,2025/sakhir,False
2025,4,4,100,0.05,False,2025/jeddah,False
2025,4,4,100,0.05,False,2025/imola,True
2025,4,4,100,0.05,False,2025/monaco,True
2025,4,4,100,0.05,False,2025/barcelona,True
2025,4,4,100,0.05,False,2025/montreal,True
2025,4,4,100,0.05,False,2025/spielberg,True
2025,4,4,100,0.05,False,2025/silverstone,True
2025,4,4,100,0.05,False,2025/budapest,True
2025,4,4,100,0.05,False,2025/zandvoort,True
2025,4,4,100,0.05,False,2025/monza,True
2025,4,4,100,0.05,False,2025/baku,True
2025,4,4,100,0.05,False,2025/marina-bay,True
2025,4,4,100,0.05,False,2025/mexico-city,True
2025,4,4,100,0.05,False,2025/las-vegas,True
2025,4,4,100,0.05,False,2025/yas-island,True
2025,4,4,100,0.075,False,2025/melbourne,False
2025,4,4,100,0.075,False,2025/suzuka,False
2025,4,4,100,0.075,False,2025/sakhir,False
2025,4,4,100,0.075,False,2025/jeddah,False
2025,4,4,100,0.075,False,2025/imola,True
2025,4,4,100,0.075,False,2025/monaco,True
2025,4,4,100,0.075,False,2025/barcelona,True
2025,4,4,100,0.075,False,2025/montreal,True
2025,4,4,100,0.075,False,2025/spielberg,True
2025,4,4,100,0.075,False,2025/silverstone,True
2025,4,4,100,0.075,False,2025/budapest,True
2025,4,4,100,0.075,False,2025/zandvoort,True
2025,4,4,100,0.075,False,2025/monza,True
2025,4,4,100,0.075,False,2025/baku,True
2025,4,4,100,0.075,False,2025/marina-bay,True
2025,4,4,100,0.075,False,2025/mexico-city,True
2025,4,4,100,0.075,False,2025/las-vegas,True
2025,4,4,100,0.075,False,2025/yas-island,True
2025,4,4,120,0.025,False,2025/melbourne,False
2025,4,4,120,0.025,False,2025/suzuka,False
2025,4,4,120,0.025,False,2025/sakhir,False
2025,4,4,120,0.025,False,2025/jeddah,False
2025,4,4,120,0.025,False,2025/imola,True
2025,4,4,120,0.025,False,2025/monaco,True
2025,4,4,120,0.025,False,2025/barcelona,True
2025,4,4,120,0.025,False,2025/montreal,True
2025,4,4,120,0.025,False,2025/spielberg,True
2025,4,4,120,0.025,False,2025/silverstone,True
2025,4,4,120,0.025,False,2025/budapest,True
2025,4,4,120,0.025,False,2025/zandvoort,True
2025,4,4,120,0.025,False,2025/monza,True
2025,4,4,120,0.025,False,2025/baku,True
2025,4,4,120,0.025,False,2025/marina-bay,True
2025,4,4,120,0.025,False,2025/mexico-city,True
2025,4,4,120,0.025,False,2025/las-vegas,True
2025,4,4,120,0.025,False,2025/yas-island,True
2025,4,4,120,0.05,False,2025/melbourne,False
2025,4,4,120,0.05,False,2025/suzuka,False
2025,4,4,120,0.05,False,2025/sakhir,False
2025,4,4,120,0.05,False,2025/jeddah,False
2025,4,4,120,0.05,False,2025/imola,True
2025,4,4,120,0.05,False,2025/monaco,True
2025,4,4,120,0.05,False,2025/barcelona,True
2025,4,4,120,0.05,False,2025/montreal,True
2025,4,4,120,0.05,False,2025/spielberg,True
2025,4,4,120,0.05,False,2025/silverstone,True
2025,4,4,120,0.05,False,2025/budapest,True
2025,4,4,120,0.05,False,2025/zandvoort,True
2025,4,4,120,0.05,False,2025/monza,True
2025,4,4,120,0.05,False,2025/baku,True
2025,4,4,120,0.05,False,2025/marina-bay,True
2025,4,4,120,0.05,False,2025/mexico-city,True
2025,4,4,120,0.05,False,2025/las-vegas,True
2025,4,4,120,0.05,False,2025/yas-island,True
2025,4,4,120,0.075,False,2025/melbourne,False
2025,4,4,120,0.075,False,2025/suzuka,False
2025,4,4,120,0.075,False,2025/sakhir,False
2025,4,4,120,0.075,False,2025/jeddah,False
2025,4,4,120,0.075,False,2025/imola,True
2025,4,4,120,0.075,False,2025/monaco,True
2025,4,4,120,0.075,False,2025/barcelona,True
2025,4,4,120,0.075,False,2025/montreal,True
2025,4,4,120,0.075,False,2025/spielberg,True
2025,4,4,120,0.075,False,2025/silverstone,True
2025,4,4,120,0.075,False,2025/budapest,True
2025,4,4,120,0.075,False,2025/zandvoort,True
2025,4,4,120,0.075,False,2025/monza,True
2025,4,4,120,0.075,False,2025/baku,True
2025,4,4,120,0.075,False,2025/marina-bay,True
2025,4,4,120,0.075,False,2025/mexico-city,True
2025,4,4,120,0.075,False,2025/las-vegas,True
2025,4,4,120,0.075,False,2025/yas-island,True
2025,4,5,80,0.025,False,2025/melbourne,False
2025,4,5,80,0.025,False,2025/suzuka,False
2025,4,5,80,0.025,False,2025/sakhir,False
2025,4,5,80,0.025,False,2025/jeddah,False
2025,4,5,80,0.025,False,2025/imola,True
2025,4,5,80,0.025,False,2025/monaco,True
2025,4,5,80,0.025,False,2025/barcelona,True
2025,4,5,80,0.025,False,2025/montreal,True
2025,4,5,80,0.025,False,2025/spielberg,True
2025,4,5,80,0.025,False,2025/silverstone,True
2025,4,5,80,0.025,False,2025/budapest,True
2025,4,5,80,0.025,False,2025/zandvoort,True
2025,4,5,80,0.025,False,2025/monza,True
2025,4,5,80,0.025,False,2025/baku,True
2025,4,5,80,0.025,False,2025/marina-bay,True
2025,4,5,80,0.025,False,2025/mexico-city,True
2025,4,5,80,0.025,False,2025/las-vegas,True
2025,4,5,80,0.025,False,2025/yas-island,True
2025,4,5,80,0.05,False,2025/melbourne,False
2025,4,5,80,0.05,False,2025/suzuka,False
2025,4,5,80,0.05,False,2025/sakhir,False
2025,4,5,80,0.05,False,2025/jeddah,False
2025,4,5,80,0.05,False,2025/imola,True
2025,4,5,80,0.05,False,2025/monaco,True
2025,4,5,80,0.05,False,2025/barcelona,True
2025,4,5,80,0.05,False,2025/montreal,True
2025,4,5,80,0.05,False,2025/spielberg,True
2025,4,5,80,0.05,False,2025/silverstone,True
2025,4,5,80,0.05,False,2025/budapest,True
2025,4,5,80,0.05,False,2025/zandvoort,True
2025,4,5,80,0.05,False,2025/monza,True
2025,4,5,80,0.05,False,2025/baku,True
2025,4,5,80,0.05,False,2025/marina-bay,True
2025,4,5,80,0.05,False,2025/mexico-city,True
2025,4,5,80,0.05,False,2025/las-vegas,True
2025,4,5,80,0.05,False,2025/yas-island,True
2025,4,5,80,0.075,False,2025/melbourne,False
2025,4,5,80,0.075,False,2025/suzuka,False
2025,4,5,80,0.075,False,2025/sakhir,False
2025,4,5,80,0.075,False,2025/jeddah,False
2025,4,5,80,0.075,False,2025/imola,True
2025,4,5,80,0.075,False,2025/monaco,True
2025,4,5,80,0.075,False,2025/barcelona,True
2025,4,5,80,0.075,False,2025/montreal,True
2025,4,5,80,0.075,False,2025/spielberg,True
2025,4,5,80,0.075,False,2025/silverstone,True
2025,4,5,80,0.075,False,2025/budapest,True
2025,4,5,80,0.075,False,2025/zandvoort,True
2025,4,5,80,0.075,False,2025/monza,True
2025,4,5,80,0.075,False,2025/baku,True
2025,4,5,80,0.075,False,2025/marina-bay,True
2025,4,5,80,0.075,False,2025/mexico-city,True
2025,4,5,80,0.075,False,2025/las-vegas,True
2025,4,5,80,0.075,False,2025/yas-island,True
2025,4,5,100,0.025,False,2025/melbourne,False
2025,4,5,100,0.025,False,2025/suzuka,False
2025,4,5,100,0.025,False,2025/sakhir,False
2025,4,5,100,0.025,False,2025/jeddah,False
2025,4,5,100,0.025,False,2025/imola,True
2025,4,5,100,0.025,False,2025/monaco,True
2025,4,5,100,0.025,False,2025/barcelona,True
2025,4,5,100,0.025,False,2025/montreal,True
2025,4,5,100,0.025,False,2025/spielberg,True
2025,4,5,100,0.025,False,2025/silverstone,True
2025,4,5,100,0.025,False,2025/budapest,True
2025,4,5,100,0.025,False,2025/zandvoort,True
2025,4,5,100,0.025,False,2025/monza,True
2025,4,5,100,0.025,False,2025/baku,True
2025,4,5,100,0.025,False,2025/marina-bay,True
2025,4,5,100,0.025,False,2025/mexico-city,True
2025,4,5,100,0.025,False,2025/las-vegas,True
2025,4,5,100,0.025,False,2025/yas-island,True
2025,4,5,100,0.05,False,2025/melbourne,False
2025,4,5,100,0.05,False,2025/suzuka,False
2025,4,5,100,0.05,False,2025/sakhir,False
2025,4,5,100,0.05,False,2025/jeddah,False
2025,4,5,100,0.05,False,2025/imola,True
2025,4,5,100,0.05,False,2025/monaco,True
2025,4,5,100,0.05,False,2025/barcelona,True
2025,4,5,100,0.05,False,2025/montreal,True
2025,4,5,100,0.05,False,2025/spielberg,True
2025,4,5,100,0.05,False,2025/silverstone,True
2025,4,5,100,0.05,False,2025/budapest,True
2025,4,5,100,0.05,False,2025/zandvoort,True
2025,4,5,100,0.05,False,2025/monza,True
2025,4,5,100,0.05,False,2025/baku,True
2025,4,5,100,0.05,False,2025/marina-bay,True
2025,4,5,100,0.05,False,2025/mexico-city,True
2025,4,5,100,0.05,False,2025/las-vegas,True
2025,4,5,100,0.05,False,2025/yas-island,True
2025,4,5,100,0.075,False,2025/melbourne,False
2025,4,5,100,0.075,False,2025/suzuka,False
2025,4,5,100,0.075,False,2025/sakhir,False
2025,4,5,100,0.075,False,2025/jeddah,False
2025,4,5,100,0.075,False,2025/imola,True
2025,4,5,100,0.075,False,2025/monaco,True
2025,4,5,100,0.075,False,2025/barcelona,True
2025,4,5,100,0.075,False,2025/montreal,True
2025,4,5,100,0.075,False,2025/spielberg,True
2025,4,5,100,0.075,False,2025/silverstone,True
2025,4,5,100,0.075,False,2025/budapest,True
2025,4,5,100,0.075,False,2025/zandvoort,True
2025,4,5,100,0.075,False,2025/monza,True
2025,4,5,100,0.075,False,2025/baku,True
2025,4,5,100,0.075,False,2025/marina-bay,True
2025,4,5,100,0.075,False,2025/mexico-city,True
2025,4,5,100,0.075,False,2025/las-vegas,True
2025,4,5,100,0.075,False,2025/yas-island,True
2025,4,5,120,0.025,False,2025/melbourne,False
2025,4,5,120,0.025,False,2025/suzuka,False
2025,4,5,120,0.025,False,2025/sakhir,False
2025,4,5,120,0.025,False,2025/jeddah,False
2025,4,5,120,0.025,False,2025/imola,True
2025,4,5,120,0.025,False,2025/monaco,True
2025,4,5,120,0.025,False,2025/barcelona,True
2025,4,5,120,0.025,False,2025/montreal,True
2025,4,5,120,0.025,False,2025/spielberg,True
2025,4,5,120,0.025,False,2025/silverstone,True
2025,4,5,120,0.025,False,2025/budapest,True
2025,4,5,120,0.025,False,2025/zandvoort,True
2025,4,5,120,0.025,False,2025/monza,True
2025,4,5,120,0.025,False,2025/baku,True
2025,4,5,120,0.025,False,2025/marina-bay,True
2025,4,5,120,0.025,False,2025/mexico-city,True
2025,4,5,120,0.025,False,2025/las-vegas,True
2025,4,5,120,0.025,False,2025/yas-island,True
2025,4,5,120,0.05,False,2025/melbourne,False
2025,4,5,120,0.05,False,2025/suzuka,False
2025,4,5,120,0.05,False,2025/sakhir,False
2025,4,5,120,0.05,False,2025/jeddah,False
2025,4,5,120,0.05,False,2025/imola,True
2025,4,5,120,0.05,False,2025/monaco,True
2025,4,5,120,0.05,False,2025/barcelona,True
2025,4,5,120,0.05,False,2025/montreal,True
2025,4,5,120,0.05,False,2025/spielberg,True
2025,4,5,120,0.05,False,2025/silverstone,True
2025,4,5,120,0.05,False,2025/budapest,True
2025,4,5,120,0.05,False,2025/zandvoort,True
2025,4,5,120,0.05,False,2025/monza,True
2025,4,5,120,0.05,False,2025/baku,True
2025,4,5,120,0.05,False,2025/marina-bay,True
2025,4,5,120,0.05,False,2025/mexico-city,True
2025,4,5,120,0.05,False,2025/las-vegas,True
2025,4,5,120,0.05,False,2025/yas-island,True
2025,4,5,120,0.075,False,2025/melbourne,False
2025,4,5,120,0.075,False,2025/suzuka,False
2025,4,5,120,0.075,False,2025/sakhir,False
2025,4,5,120,0.075,False,2025/jeddah,False
2025,4,5,120,0.075,False,2025/imola,True
2025,4,5,120,0.075,False,2025/monaco,True
2025,4,5,120,0.075,False,2025/barcelona,True
2025,4,5,120,0.075,False,2025/montreal,True
2025,4,5,120,0.075,False,2025/spielberg,True
2025,4,5,120,0.075,False,2025/silverstone,True
2025,4,5,120,0.075,False,2025/budapest,True
2025,4,5,120,0.075,False,2025/zandvoort,True
2025,4,5,120,0.075,False,2025/monza,True
2025,4,5,120,0.075,False,2025/baku,True
2025,4,5,120,0.075,False,2025/marina-bay,True
2025,4,5,120,0.075,False,2025/mexico-city,True
2025,4,5,120,0.075,False,2025/las-vegas,True
2025,4,5,120,0.075,False,2025/yas-island,True
2025,4,6,80,0.025,False,2025/melbourne,False
2025,4,6,80,0.025,False,2025/suzuka,False
2025,4,6,80,0.025,False,2025/sakhir,False
2025,4,6,80,0.025,False,2025/jeddah,False
2025,4,6,80,0.025,False,2025/imola,True
2025,4,6,80,0.025,False,2025/monaco,True
2025,4,6,80,0.025,False,2025/barcelona,True
2025,4,6,80,0.025,False,2025/montreal,True
2025,4,6,80,0.025,False,2025/spielberg,True
2025,4,6,80,0.025,False,2025/silverstone,True
2025,4,6,80,0.025,False,2025/budapest,True
2025,4,6,80,0.025,False,2025/zandvoort,True
2025,4,6,80,0.025,False,2025/monza,True
2025,4,6,80,0.025,False,2025/baku,True
2025,4,6,80,0.025,False,2025/marina-bay,True
2025,4,6,80,0.025,False,2025/mexico-city,True
2025,4,6,80,0.025,False,2025/las-vegas,True
2025,4,6,80,0.025,False,2025/yas-island,True
2025,4,6,80,0.05,False,2025/melbourne,False
2025,4,6,80,0.05,False,2025/suzuka,False
2025,4,6,80,0.05,False,2025/sakhir,False
2025,4,6,80,0.05,False,2025/jeddah,False
2025,4,6,80,0.05,False,2025/imola,True
2025,4,6,80,0.05,False,2025/monaco,True
2025,4,6,80,0.05,False,2025/barcelona,True
2025,4,6,80,0.05,False,2025/montreal,True
2025,4,6,80,0.05,False,2025/spielberg,True
2025,4,6,80,0.05,False,2025/silverstone,True
2025,4,6,80,0.05,False,2025/budapest,True
2025,4,6,80,0.05,False,2025/zandvoort,True
2025,4,6,80,0.05,False,2025/monza,True
2025,4,6,80,0.05,False,2025/baku,True
2025,4,6,80,0.05,False,2025/marina-bay,True
2025,4,6,80,0.05,False,2025/mexico-city,True
2025,4,6,80,0.05,False,2025/las-vegas,True
2025,4,6,80,0.05,False,2025/yas-island,True
2025,4,6,80,0.075,False,2025/melbourne,False
2025,4,6,80,0.075,False,2025/suzuka,False
2025,4,6,80,0.075,False,2025/sakhir,False
2025,4,6,80,0.075,False,2025/jeddah,False
2025,4,6,80,0.075,False,2025/imola,True
2025,4,6,80,0.075,False,2025/monaco,True
2025,4,6,80,0.075,False,2025/barcelona,True
2025,4,6,80,0.075,False,2025/montreal,True
2025,4,6,80,0.075,False,2025/spielberg,True
2025,4,6,80,0.075,False,2025/silverstone,True
2025,4,6,80,0.075,False,2025/budapest,True
2025,4,6,80,0.075,False,2025/zandvoort,True
2025,4,6,80,0.075,False,2025/monza,True
2025,4,6,80,0.075,False,2025/baku,True
2025,4,6,80,0.075,False,2025/marina-bay,True
2025,4,6,80,0.075,False,2025/mexico-city,True
2025,4,6,80,0.075,False,2025/las-vegas,True
2025,4,6,80,0.075,False,2025/yas-island,True
2025,4,6,100,0.025,False,2025/melbourne,False
2025,4,6,100,0.025,False,2025/suzuka,False
2025,4,6,100,0.025,False,2025/sakhir,False
2025,4,6,100,0.025,False,2025/jeddah,False
2025,4,6,100,0.025,False,2025/imola,True
2025,4,6,100,0.025,False,2025/monaco,True
2025,4,6,100,0.025,False,2025/barcelona,True
2025,4,6,100,0.025,False,2025/montreal,True
2025,4,6,100,0.025,False,2025/spielberg,True
2025,4,6,100,0.025,False,2025/silverstone,True
2025,4,6,100,0.025,False,2025/budapest,True
2025,4,6,100,0.025,False,2025/zandvoort,True
2025,4,6,100,0.025,False,2025/monza,True
2025,4,6,100,0.025,False,2025/baku,True
2025,4,6,100,0.025,False,2025/marina-bay,True
2025,4,6,100,0.025,False,2025/mexico-city,True
2025,4,6,100,0.025,False,2025/las-vegas,True
2025,4,6,100,0.025,False,2025/yas-island,True
2025,4,6,100,0.05,False,2025/melbourne,False
2025,4,6,100,0.05,False,2025/suzuka,False
2025,4,6,100,0.05,False,2025/sakhir,False
2025,4,6,100,0.05,False,2025/jeddah,False
2025,4,6,100,0.05,False,2025/imola,True
2025,4,6,100,0.05,False,2025/monaco,True
2025,4,6,100,0.05,False,2025/barcelona,True
2025,4,6,100,0.05,False,2025/montreal,True
2025,4,6,100,0.05,False,2025/spielberg,True
2025,4,6,100,0.05,False,2025/silverstone,True
2025,4,6,100,0.05,False,2025/budapest,True
2025,4,6,100,0.05,False,2025/zandvoort,True
2025,4,6,100,0.05,False,2025/monza,True
2025,4,6,100,0.05,False,2025/baku,True
2025,4,6,100,0.05,False,2025/marina-bay,True
2025,4,6,100,0.05,False,2025/mexico-city,True
2025,4,6,100,0.05,False,2025/las-vegas,True
2025,4,6,100,0.05,False,2025/yas-island,True
2025,4,6,100,0.075,False,2025/melbourne,False
2025,4,6,100,0.075,False,2025/suzuka,False
2025,4,6,100,0.075,False,2025/sakhir,False
2025,4,6,100,0.075,False,2025/jeddah,False
2025,4,6,100,0.075,False,2025/imola,True
2025,4,6,100,0.075,False,2025/monaco,True
2025,4,6,100,0.075,False,2025/barcelona,True
2025,4,6,100,0.075,False,2025/montreal,True
2025,4,6,100,0.075,False,2025/spielberg,True
2025,4,6,100,0.075,False,2025/silverstone,True
2025,4,6,100,0.075,False,2025/budapest,True
2025,4,6,100,0.075,False,2025/zandvoort,True
2025,4,6,100,0.075,False,2025/monza,True
2025,4,6,100,0.075,False,2025/baku,True
2025,4,6,100,0.075,False,2025/marina-bay,True
2025,4,6,100,0.075,False,2025/mexico-city,True
2025,4,6,100,0.075,False,2025/las-vegas,True
2025,4,6,100,0.075,False,2025/yas-island,True
2025,4,6,120,0.025,False,2025/melbourne,False
2025,4,6,120,0.025,False,2025/suzuka,False
2025,4,6,120,0.025,False,2025/sakhir,False
2025,4,6,120,0.025,False,2025/jeddah,False
2025,4,6,120,0.025,False,2025/imola,True
2025,4,6,120,0.025,False,2025/monaco,True
2025,4,6,120,0.025,False,2025/barcelona,True
2025,4,6,120,0.025,False,2025/montreal,True
2025,4,6,120,0.025,False,2025/spielberg,True
2025,4,6,120,0.025,False,2025/silverstone,True
2025,4,6,120,0.025,False,2025/budapest,True
2025,4,6,120,0.025,False,2025/zandvoort,True
2025,4,6,120,0.025,False,2025/monza,True
2025,4,6,120,0.025,False,2025/baku,True
2025,4,6,120,0.025,False,2025/marina-bay,True
2025,4,6,120,0.025,False,2025/mexico-city,True
2025,4,6,120,0.025,False,2025/las-vegas,True
2025,4,6,120,0.025,False,2025/yas-island,True
2025,4,6,120,0.05,False,2025/melbourne,False
2025,4,6,120,0.05,False,2025/suzuka,False
2025,4,6,120,0.05,False,2025/sakhir,False
2025,4,6,120,0.05,False,2025/jeddah,False
2025,4,6,120,0.05,False,2025/imola,True
2025,4,6,120,0.05,False,2025/monaco,True
2025,4,6,120,0.05,False,2025/barcelona,True
2025,4,6,120,0.05,False,2025/montreal,True
2025,4,6,120,0.05,False,2025/spielberg,True
2025,4,6,120,0.05,False,2025/silverstone,True
2025,4,6,120,0.05,False,2025/budapest,True
2025,4,6,120,0.05,False,2025/zandvoort,True
2025,4,6,120,0.05,False,2025/monza,True
2025,4,6,120,0.05,False,2025/baku,True
2025,4,6,120,0.05,False,2025/marina-bay,True
2025,4,6,120,0.05,False,2025/mexico-city,True
2025,4,6,120,0.05,False,2025/las-vegas,True
2025,4,6,120,0.05,False,2025/yas-island,True
2025,4,6,120,0.075,False,2025/melbourne,False
2025,4,6,120,0.075,False,2025/suzuka,False
2025,4,6,120,0.075,False,2025/sakhir,False
2025,4,6,120,0.075,False,2025/jeddah,False
2025,4,6,120,0.075,False,2025/imola,True
2025,4,6,120,0.075,False,2025/monaco,True
2025,4,6,120,0.075,False,2025/barcelona,True
2025,4,6,120,0.075,False,2025/montreal,True
2025,4,6,120,0.075,False,2025/spielberg,True
2025,4,6,120,0.075,False,2025/silverstone,True
2025,4,6,120,0.075,False,2025/budapest,True
2025,4,6,120,0.075,False,2025/zandvoort,True
2025,4,6,120,0.075,False,2025/monza,True
2025,4,6,120,0.075,False,2025/baku,True
2025,4,6,120,0.075,False,2025/marina-bay,True
2025,4,6,120,0.075,False,2025/mexico-city,True
2025,4,6,120,0.075,False,2025/las-vegas,True
2025,4,6,120,0.075,False,2025/yas-island,True
2025,5,4,80,0.025,False,2025/melbourne,False
2025,5,4,80,0.025,False,2025/suzuka,False
2025,5,4,80,0.025,False,2025/sakhir,False
2025,5,4,80,0.025,False,2025/jeddah,False
2025,5,4,80,0.025,False,2025/imola,False
2025,5,4,80,0.025,False,2025/monaco,True
2025,5,4,80,0.025,False,2025/barcelona,True
2025,5,4,80,0.025,False,2025/montreal,True
2025,5,4,80,0.025,False,2025/spielberg,True
2025,5,4,80,0.025,False,2025/silverstone,True
2025,5,4,80,0.025,False,2025/budapest,True
2025,5,4,80,0.025,False,2025/zandvoort,True
2025,5,4,80,0.025,False,2025/monza,True
2025,5,4,80,0.025,False,2025/baku,True
2025,5,4,80,0.025,False,2025/marina-bay,True
2025,5,4,80,0.025,False,2025/mexico-city,True
2025,5,4,80,0.025,False,2025/las-vegas,True
2025,5,4,80,0.025,False,2025/yas-island,True
2025,5,4,80,0.05,False,2025/melbourne,False
2025,5,4,80,0.05,False,2025/suzuka,False
2025,5,4,80,0.05,False,2025/sakhir,False
2025,5,4,80,0.05,False,2025/jeddah,False
2025,5,4,80,0.05,False,2025/imola,False
2025,5,4,80,0.05,False,2025/monaco,True
2025,5,4,80,0.05,False,2025/barcelona,True
2025,5,4,80,0.05,False,2025/montreal,True
2025,5,4,80,0.05,False,2025/spielberg,True
2025,5,4,80,0.05,False,2025/silverstone,True
2025,5,4,80,0.05,False,2025/budapest,True
2025,5,4,80,0.05,False,2025/zandvoort,True
2025,5,4,80,0.05,False,2025/monza,True
2025,5,4,80,0.05,False,2025/baku,True
2025,5,4,80,0.05,False,2025/marina-bay,True
2025,5,4,80,0.05,False,2025/mexico-city,True
2025,5,4,80,0.05,False,2025/las-vegas,True
2025,5,4,80,0.05,False,2025/yas-island,True
2025,5,4,80,0.075,False,2025/melbourne,False
2025,5,4,80,0.075,False,2025/suzuka,False
2025,5,4,80,0.075,False,2025/sakhir,False
2025,5,4,80,0.075,False,2025/jeddah,False
2025,5,4,80,0.075,False,2025/imola,False
2025,5,4,80,0.075,False,2025/monaco,True
2025,5,4,80,0.075,False,2025/barcelona,True
2025,5,4,80,0.075,False,2025/montreal,True
2025,5,4,80,0.075,False,2025/spielberg,True
2025,5,4,80,0.075,False,2025/silverstone,True
2025,5,4,80,0.075,False,2025/budapest,True
2025,5,4,80,0.075,False,2025/zandvoort,True
2025,5,4,80,0.075,False,2025/monza,True
2025,5,4,80,0.075,False,2025/baku,True
2025,5,4,80,0.075,False,2025/marina-bay,True
2025,5,4,80,0.075,False,2025/mexico-city,True
2025,5,4,80,0.075,False,2025/las-vegas,True
2025,5,4,80,0.075,False,2025/yas-island,True
2025,5,4,100,0.025,False,2025/melbourne,False
2025,5,4,100,0.025,False,2025/suzuka,False
2025,5,4,100,0.025,False,2025/sakhir,False
2025,5,4,100,0.025,False,2025/jeddah,False
2025,5,4,100,0.025,False,2025/imola,False
2025,5,4,100,0.025,False,2025/monaco,True
2025,5,4,100,0.025,False,2025/barcelona,True
2025,5,4,100,0.025,False,2025/montreal,True
2025,5,4,100,0.025,False,2025/spielberg,True
2025,5,4,100,0.025,False,2025/silverstone,True
2025,5,4,100,0.025,False,2025/budapest,True
2025,5,4,100,0.025,False,2025/zandvoort,True
2025,5,4,100,0.025,False,2025/monza,True
2025,5,4,100,0.025,False,2025/baku,True
2025,5,4,100,0.025,False,2025/marina-bay,True
2025,5,4,100,0.025,False,2025/mexico-city,True
2025,5,4,100,0.025,False,2025/las-vegas,True
2025,5,4,100,0.025,False,2025/yas-island,True
2025,5,4,100,0.05,False,2025/melbourne,False
2025,5,4,100,0.05,False,2025/suzuka,False
2025,5,4,100,0.05,False,2025/sakhir,False
2025,5,4,100,0.05,False,2025/jeddah,False
2025,5,4,100,0.05,False,2025/imola,False
2025,5,4,100,0.05,False,2025/monaco,True
2025,5,4,100,0.05,False,2025/barcelona,True
2025,5,4,100,0.05,False,2025/montreal,True
2025,5,4,100,0.05,False,2025/spielberg,True
2025,5,4,100,0.05,False,2025/silverstone,True
2025,5,4,100,0.05,False,2025/budapest,True
2025,5,4,100,0.05,False,2025/zandvoort,True
2025,5,4,100,0.05,False,2025/monza,True
2025,5,4,100,0.05,False,2025/baku,True
2025,5,4,100,0.05,False,2025/marina-bay,True
2025,5,4,100,0.05,False,2025/mexico-city,True
2025,5,4,100,0.05,False,2025/las-vegas,True
2025,5,4,100,0.05,False,2025/yas-island,True
2025,5,4,100,0.075,False,2025/melbourne,False
2025,5,4,100,0.075,False,2025/suzuka,False
2025,5,4,100,0.075,False,2025/sakhir,False
2025,5,4,100,0.075,False,2025/jeddah,False
2025,5,4,100,0.075,False,2025/imola,False
2025,5,4,100,0.075,False,2025/monaco,True
2025,5,4,100,0.075,False,2025/barcelona,True
2025,5,4,100,0.075,False,2025/montreal,True
2025,5,4,100,0.075,False,2025/spielberg,True
2025,5,4,100,0.075,False,2025/silverstone,True
2025,5,4,100,0.075,False,2025/budapest,True
2025,5,4,100,0.075,False,2025/zandvoort,True
2025,5,4,100,0.075,False,2025/monza,True
2025,5,4,100,0.075,False,2025/baku,True
2025,5,4,100,0.075,False,2025/marina-bay,True
2025,5,4,100,0.075,False,2025/mexico-city,True
2025,5,4,100,0.075,False,2025/las-vegas,True
2025,5,4,100,0.075,False,2025/yas-island,True
2025,5,4,120,0.025,False,2025/melbourne,False
2025,5,4,120,0.025,False,2025/suzuka,False
2025,5,4,120,0.025,False,2025/sakhir,False
2025,5,4,120,0.025,False,2025/jeddah,False
2025,5,4,120,0.025,False,2025/imola,False
2025,5,4,120,0.025,False,2025/monaco,True
2025,5,4,120,0.025,False,2025/barcelona,True
2025,5,4,120,0.025,False,2025/montreal,True
2025,5,4,120,0.025,False,2025/spielberg,True
2025,5,4,120,0.025,False,2025/silverstone,True
2025,5,4,120,0.025,False,2025/budapest,True
2025,5,4,120,0.025,False,2025/zandvoort,True
2025,5,4,120,0.025,False,2025/monza,True
2025,5,4,120,0.025,False,2025/baku,True
2025,5,4,120,0.025,False,2025/marina-bay,True
2025,5,4,120,0.025,False,2025/mexico-city,True
2025,5,4,120,0.025,False,2025/las-vegas,True
2025,5,4,120,0.025,False,2025/yas-island,True
2025,5,4,120,0.05,False,2025/melbourne,False
2025,5,4,120,0.05,False,2025/suzuka,False
2025,5,4,120,0.05,False,2025/sakhir,False
2025,5,4,120,0.05,False,2025/jeddah,False
2025,5,4,120,0.05,False,2025/imola,False
2025,5,4,120,0.05,False,2025/monaco,True
2025,5,4,120,0.05,False,2025/barcelona,True
2025,5,4,120,0.05,False,2025/montreal,True
2025,5,4,120,0.05,False,2025/spielberg,True
2025,5,4,120,0.05,False,2025/silverstone,True
2025,5,4,120,0.05,False,2025/budapest,True
2025,5,4,120,0.05,False,2025/zandvoort,True
2025,5,4,120,0.05,False,2025/monza,True
2025,5,4,120,0.05,False,2025/baku,True
2025,5,4,120,0.05,False,2025/marina-bay,True
2025,5,4,120,0.05,False,2025/mexico-city,True
2025,5,4,120,0.05,False,2025/las-vegas,True
2025,5,4,120,0.05,False,2025/yas-island,True
2025,5,4,120,0.075,False,2025/melbourne,False
2025,5,4,120,0.075,False,2025/suzuka,False
2025,5,4,120,0.075,False,2025/sakhir,False
2025,5,4,120,0.075,False,2025/jeddah,False
2025,5,4,120,0.075,False,2025/imola,False
2025,5,4,120,0.075,False,2025/monaco,True
2025,5,4,120,0.075,False,2025/barcelona,True
2025,5,4,120,0.075,False,2025/montreal,True
2025,5,4,120,0.075,False,2025/spielberg,True
2025,5,4,120,0.075,False,2025/silverstone,True
2025,5,4,120,0.075,False,2025/budapest,True
2025,5,4,120,0.075,False,2025/zandvoort,True
2025,5,4,120,0.075,False,2025/monza,True
2025,5,4,120,0.075,False,2025/baku,True
2025,5,4,120,0.075,False,2025/marina-bay,True
2025,5,4,120,0.075,False,2025/mexico-city,True
2025,5,4,120,0.075,False,2025/las-vegas,True
2025,5,4,120,0.075,False,2025/yas-island,True
2025,5,5,80,0.025,False,2025/melbourne,False
2025,5,5,80,0.025,False,2025/suzuka,False
2025,5,5,80,0.025,False,2025/sakhir,False
2025,5,5,80,0.025,False,2025/jeddah,False
2025,5,5,80,0.025,False,2025/imola,False
2025,5,5,80,0.025,False,2025/monaco,True
2025,5,5,80,0.025,False,2025/barcelona,True
2025,5,5,80,0.025,False,2025/montreal,True
2025,5,5,80,0.025,False,2025/spielberg,True
2025,5,5,80,0.025,False,2025/silverstone,True
2025,5,5,80,0.025,False,2025/budapest,True
2025,5,5,80,0.025,False,2025/zandvoort,True
2025,5,5,80,0.025,False,2025/monza,True
2025,5,5,80,0.025,False,2025/baku,True
2025,5,5,80,0.025,False,2025/marina-bay,True
2025,5,5,80,0.025,False,2025/mexico-city,True
2025,5,5,80,0.025,False,2025/las-vegas,True
2025,5,5,80,0.025,False,2025/yas-island,True
2025,5,5,80,0.05,False,2025/melbourne,False
2025,5,5,80,0.05,False,2025/suzuka,False
2025,5,5,80,0.05,False,2025/sakhir,False
2025,5,5,80,0.05,False,2025/jeddah,False
2025,5,5,80,0.05,False,2025/imola,False
2025,5,5,80,0.05,False,2025/monaco,True
2025,5,5,80,0.05,False,2025/barcelona,True
2025,5,5,80,0.05,False,2025/montreal,True
2025,5,5,80,0.05,False,2025/spielberg,True
2025,5,5,80,0.05,False,2025/silverstone,True
2025,5,5,80,0.05,False,2025/budapest,True
2025,5,5,80,0.05,False,2025/zandvoort,True
2025,5,5,80,0.05,False,2025/monza,True
2025,5,5,80,0.05,False,2025/baku,True
2025,5,5,80,0.05,False,2025/marina-bay,True
2025,5,5,80,0.05,False,2025/mexico-city,True
2025,5,5,80,0.05,False,2025/las-vegas,True
2025,5,5,80,0.05,False,2025/yas-island,True
2025,5,5,80,0.075,False,2025/melbourne,False
2025,5,5,80,0.075,False,2025/suzuka,False
2025,5,5,80,0.075,False,2025/sakhir,False
2025,5,5,80,0.075,False,2025/jeddah,False
2025,5,5,80,0.075,False,2025/imola,False
2025,5,5,80,0.075,False,2025/monaco,True
2025,5,5,80,0.075,False,2025/barcelona,True
2025,5,5,80,0.075,False,2025/montreal,True
2025,5,5,80,0.075,False,2025/spielberg,True
2025,5,5,80,0.075,False,2025/silverstone,True
2025,5,5,80,0.075,False,2025/budapest,True
2025,5,5,80,0.075,False,2025/zandvoort,True
2025,5,5,80,0.075,False,2025/monza,True
2025,5,5,80,0.075,False,2025/baku,True
2025,5,5,80,0.075,False,2025/marina-bay,True
2025,5,5,80,0.075,False,2025/mexico-city,True
2025,5,5,80,0.075,False,2025/las-vegas,True
2025,5,5,80,0.075,False,2025/yas-island,True
2025,5,5,100,0.025,False,2025/melbourne,False
2025,5,5,100,0.025,False,2025/suzuka,False
2025,5,5,100,0.025,False,2025/sakhir,False
2025,5,5,100,0.025,False,2025/jeddah,False
2025,5,5,100,0.025,False,2025/imola,False
2025,5,5,100,0.025,False,2025/monaco,True
2025,5,5,100,0.025,False,2025/barcelona,True
2025,5,5,100,0.025,False,2025/montreal,True
2025,5,5,100,0.025,False,2025/spielberg,True
2025,5,5,100,0.025,False,2025/silverstone,True
2025,5,5,100,0.025,False,2025/budapest,True
2025,5,5,100,0.025,False,2025/zandvoort,True
2025,5,5,100,0.025,False,2025/monza,True
2025,5,5,100,0.025,False,2025/baku,True
2025,5,5,100,0.025,False,2025/marina-bay,True
2025,5,5,100,0.025,False,2025/mexico-city,True
2025,5,5,100,0.025,False,2025/las-vegas,True
2025,5,5,100,0.025,False,2025/yas-island,True
2025,5,5,100,0.05,True,2025/melbourne,False
2025,5,5,100,0.05,True,2025/suzuka,False
2025,5,5,100,0.05,True,2025/sakhir,False
2025,5,5,100,0.05,True,2025/jeddah,False
2025,5,5,100,0.05,True,2025/imola,False
2025,5,5,100,0.05,True,2025/monaco,True
2025,5,5,100,0.05,True,2025/barcelona,True
2025,5,5,100,0.05,True,2025/montreal,True
2025,5,5,100,0.05,True,2025/spielberg,True
2025,5,5,100,0.05,True,2025/silverstone,True
2025,5,5,100,0.05,True,2025/budapest,True
2025,5,5,100,0.05,True,2025/zandvoort,True
2025,5,5,100,0.05,True,2025/monza,True
2025,5,5,100,0.05,True,2025/baku,True
2025,5,5,100,0.05,True,2025/marina-bay,True
2025,5,5,100,0.05,True,2025/mexico-city,True
2025,5,5,100,0.05,True,2025/las-vegas,True
2025,5,5,100,0.05,True,2025/yas-island,True
2025,5,5,100,0.075,False,2025/melbourne,False
2025,5,5,100,0.075,False,2025/suzuka,False
2025,5,5,100,0.075,False,2025/sakhir,False
2025,5,5,100,0.075,False,2025/jeddah,False
2025,5,5,100,0.075,False,2025/imola,False
2025,5,5,100,0.075,False,2025/monaco,True
2025,5,5,100,0.075,False,2025/barcelona,True
2025,5,5,100,0.075,False,2025/montreal,True
2025,5,5,100,0.075,False,2025/spielberg,True
2025,5,5,100,0.075,False,2025/silverstone,True
2025,5,5,100,0.075,False,2025/budapest,True
2025,5,5,100,0.075,False,2025/zandvoort,True
2025,5,5,100,0.075,False,2025/monza,True
2025,5,5,100,0.075,False,2025/baku,True
2025,5,5,100,0.075,False,2025/marina-bay,True
2025,5,5,100,0.075,False,2025/mexico-city,True
2025,5,5,100,0.075,False,2025/las-vegas,True
2025,5,5,100,0.075,False,2025/yas-island,True
2025,5,5,120,0.025,False,2025/melbourne,False
2025,5,5,120,0.025,False,2025/suzuka,False
2025,5,5,120,0.025,False,2025/sakhir,False
2025,5,5,120,0.025,False,2025/jeddah,False
2025,5,5,120,0.025,False,2025/imola,False
2025,5,5,120,0.025,False,2025/monaco,True
2025,5,5,120,0.025,False,2025/barcelona,True
2025,5,5,120,0.025,False,2025/montreal,True
2025,5,5,120,0.025,False,2025/spielberg,True
2025,5,5,120,0.025,False,2025/silverstone,True
2025,5,5,120,0.025,False,2025/budapest,True
2025,5,5,120,0.025,False,2025/zandvoort,True
2025,5,5,120,0.025,False,2025/monza,True
2025,5,5,120,0.025,False,2025/baku,True
2025,5,5,120,0.025,False,2025/marina-bay,True
2025,5,5,120,0.025,False,2025/mexico-city,True
2025,5,5,120,0.025,False,2025/las-vegas,True
2025,5,5,120,0.025,False,2025/yas-island,True
2025,5,5,120,0.05,False,2025/melbourne,False
2025,5,5,120,0.05,False,2025/suzuka,False
2025,5,5,120,0.05,False,2025/sakhir,False
2025,5,5,120,0.05,False,2025/jeddah,False
2025,5,5,120,0.05,False,2025/imola,False
2025,5,5,120,0.05,False,2025/monaco,True
2025,5,5,120,0.05,False,2025/barcelona,True
2025,5,5,120,0.05,False,2025/montreal,True
2025,5,5,120,0.05,False,2025/spielberg,True
2025,5,5,120,0.05,False,2025/silverstone,True
2025,5,5,120,0.05,False,2025/budapest,True
2025,5,5,120,0.05,False,2025/zandvoort,True
2025,5,5,120,0.05,False,2025/monza,True
2025,5,5,120,0.05,False,2025/baku,True
2025,5,5,120,0.05,False,2025/marina-bay,True
2025,5,5,120,0.05,False,2025/mexico-city,True
2025,5,5,120,0.05,False,2025/las-vegas,True
2025,5,5,120,0.05,False,2025/yas-island,True
2025,5,5,120,0.075,False,2025/melbourne,False
2025,5,5,120,0.075,False,2025/suzuka,False
2025,5,5,120,0.075,False,2025/sakhir,False
2025,5,5,120,0.075,False,2025/jeddah,False
2025,5,5,120,0.075,False,2025/imola,False
2025,5,5,120,0.075,False,2025/monaco,True
2025,5,5,120,0.075,False,2025/barcelona,True
2025,5,5,120,0.075,False,2025/montreal,True
2025,5,5,120,0.075,False,2025/spielberg,True
2025,5,5,120,0.075,False,2025/silverstone,True
2025,5,5,120,0.075,False,2025/budapest,True
2025,5,5,120,0.075,False,2025/zandvoort,True
2025,5,5,120,0.075,False,2025/monza,True
2025,5,5,120,0.075,False,2025/baku,True
2025,5,5,120,0.075,False,2025/marina-bay,True
2025,5,5,120,0.075,False,2025/mexico-city,True
2025,5,5,120,0.075,False,2025/las-vegas,True
2025,5,5,120,0.075,False,2025/yas-island,True
2025,5,6,80,0.025,False,2025/melbourne,False
2025,5,6,80,0.025,False,2025/suzuka,False
2025,5,6,80,0.025,False,2025/sakhir,False
2025,5,6,80,0.025,False,2025/jeddah,False
2025,5,6,80,0.025,False,2025/imola,False
2025,5,6,80,0.025,False,2025/monaco,True
2025,5,6,80,0.025,False,2025/barcelona,True
2025,5,6,80,0.025,False,2025/montreal,True
2025,5,6,80,0.025,False,2025/spielberg,True
2025,5,6,80,0.025,False,2025/silverstone,True
2025,5,6,80,0.025,False,2025/budapest,True
2025,5,6,80,0.025,False,2025/zandvoort,True
2025,5,6,80,0.025,False,2025/monza,True
2025,5,6,80,0.025,False,2025/baku,True
2025,5,6,80,0.025,False,2025/marina-bay,True
2025,5,6,80,0.025,False,2025/mexico-city,True
2025,5,6,80,0.025,False,2025/las-vegas,True
2025,5,6,80,0.025,False,2025/yas-island,True
2025,5,6,80,0.05,False,2025/melbourne,False
2025,5,6,80,0.05,False,2025/suzuka,False
2025,5,6,80,0.05,False,2025/sakhir,False
2025,5,6,80,0.05,False,2025/jeddah,False
2025,5,6,80,0.05,False,2025/imola,False
2025,5,6,80,0.05,False,2025/monaco,True
2025,5,6,80,0.05,False,2025/barcelona,True
2025,5,6,80,0.05,False,2025/montreal,True
2025,5,6,80,0.05,False,2025/spielberg,True
2025,5,6,80,0.05,False,2025/silverstone,True
2025,5,6,80,0.05,False,2025/budapest,True
2025,5,6,80,0.05,False,2025/zandvoort,True
2025,5,6,80,0.05,False,2025/monza,True
2025,5,6,80,0.05,False,2025/baku,True
2025,5,6,80,0.05,False,2025/marina-bay,True
2025,5,6,80,0.05,False,2025/mexico-city,True
2025,5,6,80,0.05,False,2025/las-vegas,True
2025,5,6,80,0.05,False,2025/yas-island,True
2025,5,6,80,0.075,False,2025/melbourne,False
2025,5,6,80,0.075,False,2025/suzuka,False
2025,5,6,80,0.075,False,2025/sakhir,False
2025,5,6,80,0.075,False,2025/jeddah,False
2025,5,6,80,0.075,False,2025/imola,False
2025,5,6,80,0.075,False,2025/monaco,True
2025,5,6,80,0.075,False,2025/barcelona,True
2025,5,6,80,0.075,False,2025/montreal,True
2025,5,6,80,0.075,False,2025/spielberg,True
2025,5,6,80,0.075,False,2025/silverstone,True
2025,5,6,80,0.075,False,2025/budapest,True
2025,5,6,80,0.075,False,2025/zandvoort,True
2025,5,6,80,0.075,False,2025/monza,True
2025,5,6,80,0.075,False,2025/baku,True
2025,5,6,80,0.075,False,2025/marina-bay,True
2025,5,6,80,0.075,False,2025/mexico-city,True
2025,5,6,80,0.075,False,2025/las-vegas,True
2025,5,6,80,0.075,False,2025/yas-island,True
2025,5,6,100,0.025,False,2025/melbourne,False
2025,5,6,100,0.025,False,2025/suzuka,False
2025,5,6,100,0.025,False,2025/sakhir,False
2025,5,6,100,0.025,False,2025/jeddah,False
2025,5,6,100,0.025,False,2025/imola,False
2025,5,6,100,0.025,False,2025/monaco,True
2025,5,6,100,0.025,False,2025/barcelona,True
2025,5,6,100,0.025,False,2025/montreal,True
2025,5,6,100,0.025,False,2025/spielberg,True
2025,5,6,100,0.025,False,2025/silverstone,True
2025,5,6,100,0.025,False,2025/budapest,True
2025,5,6,100,0.025,False,2025/zandvoort,True
2025,5,6,100,0.025,False,2025/monza,True
2025,5,6,100,0.025,False,2025/baku,True
2025,5,6,100,0.025,False,2025/marina-bay,True
2025,5,6,100,0.025,False,2025/mexico-city,True
2025,5,6,100,0.025,False,2025/las-vegas,True
2025,5,6,100,0.025,False,2025/yas-island,True
2025,5,6,100,0.05,False,2025/melbourne,False
2025,5,6,100,0.05,False,2025/suzuka,False
2025,5,6,100,0.05,False,2025/sakhir,False
2025,5,6,100,0.05,False,2025/jeddah,False
2025,5,6,100,0.05,False,2025/imola,False
2025,5,6,100,0.05,False,2025/monaco,True
2025,5,6,100,0.05,False,2025/barcelona,True
2025,5,6,100,0.05,False,2025/montreal,True
2025,5,6,100,0.05,False,2025/spielberg,True
2025,5,6,100,0.05,False,2025/silverstone,True
2025,5,6,100,0.05,False,2025/budapest,True
2025,5,6,100,0.05,False,2025/zandvoort,True
2025,5,6,100,0.05,False,2025/monza,True
2025,5,6,100,0.05,False,2025/baku,True
2025,5,6,100,0.05,False,2025/marina-bay,True
2025,5,6,100,0.05,False,2025/mexico-city,True
2025,5,6,100,0.05,False,2025/las-vegas,True
2025,5,6,100,0.05,False,2025/yas-island,True
2025,5,6,100,0.075,False,2025/melbourne,False
2025,5,6,100,0.075,False,2025/suzuka,False
2025,5,6,100,0.075,False,2025/sakhir,False
2025,5,6,100,0.075,False,2025/jeddah,False
2025,5,6,100,0.075,False,2025/imola,False
2025,5,6,100,0.075,False,2025/monaco,True
2025,5,6,100,0.075,False,2025/barcelona,True
2025,5,6,100,0.075,False,2025/montreal,True
2025,5,6,100,0.075,False,2025/spielberg,True
2025,5,6,100,0.075,False,2025/silverstone,True
2025,5,6,100,0.075,False,2025/budapest,True
2025,5,6,100,0.075,False,2025/zandvoort,True
2025,5,6,100,0.075,False,2025/monza,True
2025,5,6,100,0.075,False,2025/baku,True
2025,5,6,100,0.075,False,2025/marina-bay,True
2025,5,6,100,0.075,False,2025/mexico-city,True
2025,5,6,100,0.075,False,2025/las-vegas,True
2025,5,6,100,0.075,False,2025/yas-island,True
2025,5,6,120,0.025,False,2025/melbourne,False
2025,5,6,120,0.025,False,2025/suzuka,False
2025,5,6,120,0.025,False,2025/sakhir,False
2025,5,6,120,0.025,False,2025/jeddah,False
2025,5,6,120,0.025,False,2025/imola,False
2025,5,6,120,0.025,False,2025/monaco,True
2025,5,6,120,0.025,False,2025/barcelona,True
2025,5,6,120,0.025,False,2025/montreal,True
2025,5,6,120,0.025,False,2025/spielberg,True
2025,5,6,120,0.025,False,2025/silverstone,True
2025,5,6,120,0.025,False,2025/budapest,True
2025,5,6,120,0.025,False,2025/zandvoort,True
2025,5,6,120,0.025,False,2025/monza,True
2025,5,6,120,0.025,False,2025/baku,True
2025,5,6,120,0.025,False,2025/marina-bay,True
2025,5,6,120,0.025,False,2025/mexico-city,True
2025,5,6,120,0.025,False,2025/las-vegas,True
2025,5,6,120,0.025,False,2025/yas-island,True
2025,5,6,120,0.05,False,2025/melbourne,False
2025,5,6,120,0.05,False,2025/suzuka,False
2025,5,6,120,0.05,False,2025/sakhir,False
2025,5,6,120,0.05,False,2025/jeddah,False
2025,5,6,120,0.05,False,2025/imola,False
2025,5,6,120,0.05,False,2025/monaco,True
2025,5,6,120,0.05,False,2025/barcelona,True
2025,5,6,120,0.05,False,2025/montreal,True
2025,5,6,120,0.05,False,2025/spielberg,True
2025,5,6,120,0.05,False,2025/silverstone,True
2025,5,6,120,0.05,False,2025/budapest,True
2025,5,6,120,0.05,False,2025/zandvoort,True
2025,5,6,120,0.05,False,2025/monza,True
2025,5,6,120,0.05,False,2025/baku,True
2025,5,6,120,0.05,False,2025/marina-bay,True
2025,5,6,120,0.05,False,2025/mexico-city,True
2025,5,6,120,0.05,False,2025/las-vegas,True
2025,5,6,120,0.05,False,2025/yas-island,True
2025,5,6,120,0.075,False,2025/melbourne,False
2025,5,6,120,0.075,False,2025/suzuka,False
2025,5,6,120,0.075,False,2025/sakhir,False
2025,5,6,120,0.075,False,2025/jeddah,False
2025,5,6,120,0.075,False,2025/imola,False
2025,5,6,120,0.075,False,2025/monaco,True
2025,5,6,120,0.075,False,2025/barcelona,True
2025,5,6,120,0.075,False,2025/montreal,True
2025,5,6,120,0.075,False,2025/spielberg,True
2025,5,6,120,0.075,False,2025/silverstone,True
2025,5,6,120,0.075,False,2025/budapest,True
2025,5,6,120,0.075,False,2025/zandvoort,True
2025,5,6,120,0.075,False,2025/monza,True
2025,5,6,120,0.075,False,2025/baku,True
2025,5,6,120,0.075,False,2025/marina-bay,True
2025,5,6,120,0.075,False,2025/mexico-city,True
2025,5,6,120,0.075,False,2025/las-vegas,True
2025,5,6,120,0.075,False,2025/yas-island,True
2025,6,4,80,0.025,False,2025/melbourne,False
2025,6,4,80,0.025,False,2025/suzuka,False
2025,6,4,80,0.025,False,2025/sakhir,False
2025,6,4,80,0.025,False,2025/jeddah,False
2025,6,4,80,0.025,False,2025/imola,False
2025,6,4,80,0.025,False,2025/monaco,False
2025,6,4,80,0.025,False,2025/barcelona,True
2025,6,4,80,0.025,False,2025/montreal,True
2025,6,4,80,0.025,False,2025/spielberg,True
2025,6,4,80,0.025,False,2025/silverstone,True
2025,6,4,80,0.025,False,2025/budapest,True
2025,6,4,80,0.025,False,2025/zandvoort,True
2025,6,4,80,0.025,False,2025/monza,True
2025,6,4,80,0.025,False,2025/baku,True
2025,6,4,80,0.025,False,2025/marina-bay,True
2025,6,4,80,0.025,False,2025/mexico-city,True
2025,6,4,80,0.025,False,2025/las-vegas,True
2025,6,4,80,0.025,False,2025/yas-island,True
2025,6,4,80,0.05,False,2025/melbourne,False
2025,6,4,80,0.05,False,2025/suzuka,False
2025,6,4,80,0.05,False,2025/sakhir,False
2025,6,4,80,0.05,False,2025/jeddah,False
2025,6,4,80,0.05,False,2025/imola,False
2025,6,4,80,0.05,False,2025/monaco,False
2025,6,4,80,0.05,False,2025/barcelona,True
2025,6,4,80,0.05,False,2025/montreal,True
2025,6,4,80,0.05,False,2025/spielberg,True
2025,6,4,80,0.05,False,2025/silverstone,True
2025,6,4,80,0.05,False,2025/budapest,True
2025,6,4,80,0.05,False,2025/zandvoort,True
2025,6,4,80,0.05,False,2025/monza,True
2025,6,4,80,0.05,False,2025/baku,True
2025,6,4,80,0.05,False,2025/marina-bay,True
2025,6,4,80,0.05,False,2025/mexico-city,True
2025,6,4,80,0.05,False,2025/las-vegas,True
2025,6,4,80,0.05,False,2025/yas-island,True
2025,6,4,80,0.075,False,2025/melbourne,False
2025,6,4,80,0.075,False,2025/suzuka,False
2025,6,4,80,0.075,False,2025/sakhir,False
2025,6,4,80,0.075,False,2025/jeddah,False
2025,6,4,80,0.075,False,2025/imola,False
2025,6,4,80,0.075,False,2025/monaco,False
2025,6,4,80,0.075,False,2025/barcelona,True
2025,6,4,80,0.075,False,2025/montreal,True
2025,6,4,80,0.075,False,2025/spielberg,True
2025,6,4,80,0.075,False,2025/silverstone,True
2025,6,4,80,0.075,False,2025/budapest,True
2025,6,4,80,0.075,False,2025/zandvoort,True
2025,6,4,80,0.075,False,2025/monza,True
2025,6,4,80,0.075,False,2025/baku,True
2025,6,4,80,0.075,False,2025/marina-bay,True
2025,6,4,80,0.075,False,2025/mexico-city,True
2025,6,4,80,0.075,False,2025/las-vegas,True
2025,6,4,80,0.075,False,2025/yas-island,True
2025,6,4,100,0.025,False,2025/melbourne,False
2025,6,4,100,0.025,False,2025/suzuka,False
2025,6,4,100,0.025,False,2025/sakhir,False
2025,6,4,100,0.025,False,2025/jeddah,False
2025,6,4,100,0.025,False,2025/imola,False
2025,6,4,100,0.025,False,2025/monaco,False
2025,6,4,100,0.025,False,2025/barcelona,True
2025,6,4,100,0.025,False,2025/montreal,True
2025,6,4,100,0.025,False,2025/spielberg,True
2025,6,4,100,0.025,False,2025/silverstone,True
2025,6,4,100,0.025,False,2025/budapest,True
2025,6,4,100,0.025,False,2025/zandvoort,True
2025,6,4,100,0.025,False,2025/monza,True
2025,6,4,100,0.025,False,2025/baku,True
2025,6,4,100,0.025,False,2025/marina-bay,True
2025,6,4,100,0.025,False,2025/mexico-city,True
2025,6,4,100,0.025,False,2025/las-vegas,True
2025,6,4,100,0.025,False,2025/yas-island,True
2025,6,4,100,0.05,False,2025/melbourne,False
2025,6,4,100,0.05,False,2025/suzuka,False
2025,6,4,100,0.05,False,2025/sakhir,False
2025,6,4,100,0.05,False,2025/jeddah,False
2025,6,4,100,0.05,False,2025/imola,False
2025,6,4,100,0.05,False,2025/monaco,False
2025,6,4,100,0.05,False,2025/barcelona,True
2025,6,4,100,0.05,False,2025/montreal,True
2025,6,4,100,0.05,False,2025/spielberg,True
2025,6,4,100,0.05,False,2025/silverstone,True
2025,6,4,100,0.05,False,2025/budapest,True
2025,6,4,100,0.05,False,2025/zandvoort,True
2025,6,4,100,0.05,False,2025/monza,True
2025,6,4,100,0.05,False,2025/baku,True
2025,6,4,100,0.05,False,2025/marina-bay,True
2025,6,4,100,0.05,False,2025/mexico-city,True
2025,6,4,100,0.05,False,2025/las-vegas,True
2025,6,4,100,0.05,False,2025/yas-island,True
2025,6,4,100,0.075,False,2025/melbourne,False
2025,6,4,100,0.075,False,2025/suzuka,False
2025,6,4,100,0.075,False,2025/sakhir,False
2025,6,4,100,0.075,False,2025/jeddah,False
2025,6,4,100,0.075,False,2025/imola,False
2025,6,4,100,0.075,False,2025/monaco,False
2025,6,4,100,0.075,False,2025/barcelona,True
2025,6,4,100,0.075,False,2025/montreal,True
2025,6,4,100,0.075,False,2025/spielberg,True
2025,6,4,100,0.075,False,2025/silverstone,True
2025,6,4,100,0.075,False,2025/budapest,True
2025,6,4,100,0.075,False,2025/zandvoort,True
2025,6,4,100,0.075,False,2025/monza,True
2025,6,4,100,0.075,False,2025/baku,True
2025,6,4,100,0.075,False,2025/marina-bay,True
2025,6,4,100,0.075,False,2025/mexico-city,True
2025,6,4,100,0.075,False,2025/las-vegas,True
2025,6,4,100,0.075,False,2025/yas-island,True
2025,6,4,120,0.025,False,2025/melbourne,False
2025,6,4,120,0.025,False,2025/suzuka,False
2025,6,4,120,0.025,False,2025/sakhir,False
2025,6,4,120,0.025,False,2025/jeddah,False
2025,6,4,120,0.025,False,2025/imola,False
2025,6,4,120,0.025,False,2025/monaco,False
2025,6,4,120,0.025,False,2025/barcelona,True
2025,6,4,120,0.025,False,2025/montreal,True
2025,6,4,120,0.025,False,2025/spielberg,True
2025,6,4,120,0.025,False,2025/silverstone,True
2025,6,4,120,0.025,False,2025/budapest,True
2025,6,4,120,0.025,False,2025/zandvoort,True
2025,6,4,120,0.025,False,2025/monza,True
2025,6,4,120,0.025,False,2025/baku,True
2025,6,4,120,0.025,False,2025/marina-bay,True
2025,6,4,120,0.025,False,2025/mexico-city,True
2025,6,4,120,0.025,False,2025/las-vegas,True
2025,6,4,120,0.025,False,2025/yas-island,True
2025,6,4,120,0.05,False,2025/melbourne,False
2025,6,4,120,0.05,False,2025/suzuka,False
2025,6,4,120,0.05,False,2025/sakhir,False
2025,6,4,120,0.05,False,2025/jeddah,False
2025,6,4,120,0.05,False,2025/imola,False
2025,6,4,120,0.05,False,2025/monaco,False
2025,6,4,120,0.05,False,2025/barcelona,True
2025,6,4,120,0.05,False,2025/montreal,True
2025,6,4,120,0.05,False,2025/spielberg,True
2025,6,4,120,0.05,False,2025/silverstone,True
2025,6,4,120,0.05,False,2025/budapest,True
2025,6,4,120,0.05,False,2025/zandvoort,True
2025,6,4,120,0.05,False,2025/monza,True
2025,6,4,120,0.05,False,2025/baku,True
2025,6,4,120,0.05,False,2025/marina-bay,True
2025,6,4,120,0.05,False,2025/mexico-city,True
2025,6,4,120,0.05,False,2025/las-vegas,True
2025,6,4,120,0.05,False,2025/yas-island,True
2025,6,4,120,0.075,False,2025/melbourne,False
2025,6,4,120,0.075,False,2025/suzuka,False
2025,6,4,120,0.075,False,2025/sakhir,False
2025,6,4,120,0.075,False,2025/jeddah,False
2025,6,4,120,0.075,False,2025/imola,False
2025,6,4,120,0.075,False,2025/monaco,False
2025,6,4,120,0.075,False,2025/barcelona,True
2025,6,4,120,0.075,False,2025/montreal,True
2025,6,4,120,0.075,False,2025/spielberg,True
2025,6,4,120,0.075,False,2025/silverstone,True
2025,6,4,120,0.075,False,2025/budapest,True
2025,6,4,120,0.075,False,2025/zandvoort,True
2025,6,4,120,0.075,False,2025/monza,True
2025,6,4,120,0.075,False,2025/baku,True
2025,6,4,120,0.075,False,2025/marina-bay,True
2025,6,4,120,0.075,False,2025/mexico-city,True
2025,6,4,120,0.075,False,2025/las-vegas,True
2025,6,4,120,0.075,False,2025/yas-island,True
2025,6,5,80,0.025,False,2025/melbourne,False
2025,6,5,80,0.025,False,2025/suzuka,False
2025,6,5,80,0.025,False,2025/sakhir,False
2025,6,5,80,0.025,False,2025/jeddah,False
2025,6,5,80,0.025,False,2025/imola,False
2025,6,5,80,0.025,False,2025/monaco,False
2025,6,5,80,0.025,False,2025/barcelona,True
2025,6,5,80,0.025,False,2025/montreal,True
2025,6,5,80,0.025,False,2025/spielberg,True
2025,6,5,80,0.025,False,2025/silverstone,True
2025,6,5,80,0.025,False,2025/budapest,True
2025,6,5,80,0.025,False,2025/zandvoort,True
2025,6,5,80,0.025,False,2025/monza,True
2025,6,5,80,0.025,False,2025/baku,True
2025,6,5,80,0.025,False,2025/marina-bay,True
2025,6,5,80,0.025,False,2025/mexico-city,True
2025,6,5,80,0.025,False,2025/las-vegas,True
2025,6,5,80,0.025,False,2025/yas-island,True
2025,6,5,80,0.05,False,2025/melbourne,False
2025,6,5,80,0.05,False,2025/suzuka,False
2025,6,5,80,0.05,False,2025/sakhir,False
2025,6,5,80,0.05,False,2025/jeddah,False
2025,6,5,80,0.05,False,2025/imola,False
2025,6,5,80,0.05,False,2025/monaco,False
2025,6,5,80,0.05,False,2025/barcelona,True
2025,6,5,80,0.05,False,2025/montreal,True
2025,6,5,80,0.05,False,2025/spielberg,True
2025,6,5,80,0.05,False,2025/silverstone,True
2025,6,5,80,0.05,False,2025/budapest,True
2025,6,5,80,0.05,False,2025/zandvoort,True
2025,6,5,80,0.05,False,2025/monza,True
2025,6,5,80,0.05,False,2025/baku,True
2025,6,5,80,0.05,False,2025/marina-bay,True
2025,6,5,80,0.05,False,2025/mexico-city,True
2025,6,5,80,0.05,False,2025/las-vegas,True
2025,6,5,80,0.05,False,2025/yas-island,True
2025,6,5,80,0.075,False,2025/melbourne,False
2025,6,5,80,0.075,False,2025/suzuka,False
2025,6,5,80,0.075,False,2025/sakhir,False
2025,6,5,80,0.075,False,2025/jeddah,False
2025,6,5,80,0.075,False,2025/imola,False
2025,6,5,80,0.075,False,2025/monaco,False
2025,6,5,80,0.075,False,2025/barcelona,True
2025,6,5,80,0.075,False,2025/montreal,True
2025,6,5,80,0.075,False,2025/spielberg,True
2025,6,5,80,0.075,False,2025/silverstone,True
2025,6,5,80,0.075,False,2025/budapest,True
2025,6,5,80,0.075,False,2025/zandvoort,True
2025,6,5,80,0.075,False,2025/monza,True
2025,6,5,80,0.075,False,2025/baku,True
2025,6,5,80,0.075,False,2025/marina-bay,True
2025,6,5,80,0.075,False,2025/mexico-city,True
2025,6,5,80,0.075,False,2025/las-vegas,True
2025,6,5,80,0.075,False,2025/yas-island,True
2025,6,5,100,0.025,False,2025/melbourne,False
2025,6,5,100,0.025,False,2025/suzuka,False
2025,6,5,100,0.025,False,2025/sakhir,False
2025,6,5,100,0.025,False,2025/jeddah,False
2025,6,5,100,0.025,False,2025/imola,False
2025,6,5,100,0.025,False,2025/monaco,False
2025,6,5,100,0.025,False,2025/barcelona,True
2025,6,5,100,0.025,False,2025/montreal,True
2025,6,5,100,0.025,False,2025/spielberg,True
2025,6,5,100,0.025,False,2025/silverstone,True
2025,6,5,100,0.025,False,2025/budapest,True
2025,6,5,100,0.025,False,2025/zandvoort,True
2025,6,5,100,0.025,False,2025/monza,True
2025,6,5,100,0.025,False,2025/baku,True
2025,6,5,100,0.025,False,2025/marina-bay,True
2025,6,5,100,0.025,False,2025/mexico-city,True
2025,6,5,100,0.025,False,2025/las-vegas,True
2025,6,5,100,0.025,False,2025/yas-island,True
2025,6,5,100,0.05,False,2025/melbourne,False
2025,6,5,100,0.05,False,2025/suzuka,False
2025,6,5,100,0.05,False,2025/sakhir,False
2025,6,5,100,0.05,False,2025/jeddah,False
2025,6,5,100,0.05,False,2025/imola,False
2025,6,5,100,0.05,False,2025/monaco,False
2025,6,5,100,0.05,False,2025/barcelona,True
2025,6,5,100,0.05,False,2025/montreal,True
2025,6,5,100,0.05,False,2025/spielberg,True
2025,6,5,100,0.05,False,2025/silverstone,True
2025,6,5,100,0.05,False,2025/budapest,True
2025,6,5,100,0.05,False,2025/zandvoort,True
2025,6,5,100,0.05,False,2025/monza,True
2025,6,5,100,0.05,False,2025/baku,True
2025,6,5,100,0.05,False,2025/marina-bay,True
2025,6,5,100,0.05,False,2025/mexico-city,True
2025,6,5,100,0.05,False,2025/las-vegas,True
2025,6,5,100,0.05,False,2025/yas-island,True
2025,6,5,100,0.075,False,2025/melbourne,False
2025,6,5,100,0.075,False,2025/suzuka,False
2025,6,5,100,0.075,False,2025/sakhir,False
2025,6,5,100,0.075,False,2025/jeddah,False
2025,6,5,100,0.075,False,2025/imola,False
2025,6,5,100,0.075,False,2025/monaco,False
2025,6,5,100,0.075,False,2025/barcelona,True
2025,6,5,100,0.075,False,2025/montreal,True
2025,6,5,100,0.075,False,2025/spielberg,True
2025,6,5,100,0.075,False,2025/silverstone,True
2025,6,5,100,0.075,False,2025/budapest,True
2025,6,5,100,0.075,False,2025/zandvoort,True
2025,6,5,100,0.075,False,2025/monza,True
2025,6,5,100,0.075,False,2025/baku,True
2025,6,5,100,0.075,False,2025/marina-bay,True
2025,6,5,100,0.075,False,2025/mexico-city,True
2025,6,5,100,0.075,False,2025/las-vegas,True
2025,6,5,100,0.075,False,2025/yas-island,True
2025,6,5,120,0.025,False,2025/melbourne,False
2025,6,5,120,0.025,False,2025/suzuka,False
2025,6,5,120,0.025,False,2025/sakhir,False
2025,6,5,120,0.025,False,2025/jeddah,False
2025,6,5,120,0.025,False,2025/imola,False
2025,6,5,120,0.025,False,2025/monaco,False
2025,6,5,120,0.025,False,2025/barcelona,True
2025,6,5,120,0.025,False,2025/montreal,True
2025,6,5,120,0.025,False,2025/spielberg,True
2025,6,5,120,0.025,False,2025/silverstone,True
2025,6,5,120,0.025,False,2025/budapest,True
2025,6,5,120,0.025,False,2025/zandvoort,True
2025,6,5,120,0.025,False,2025/monza,True
2025,6,5,120,0.025,False,2025/baku,True
2025,6,5,120,0.025,False,2025/marina-bay,True
2025,6,5,120,0.025,False,2025/mexico-city,True
2025,6,5,120,0.025,False,2025/las-vegas,True
2025,6,5,120,0.025,False,2025/yas-island,True
2025,6,5,120,0.05,False,2025/melbourne,False
2025,6,5,120,0.05,False,2025/suzuka,False
2025,6,5,120,0.05,False,2025/sakhir,False
2025,6,5,120,0.05,False,2025/jeddah,False
2025,6,5,120,0.05,False,2025/imola,False
2025,6,5,120,0.05,False,2025/monaco,False
2025,6,5,120,0.05,False,2025/barcelona,True
2025,6,5,120,0.05,False,2025/montreal,True
2025,6,5,120,0.05,False,2025/spielberg,True
2025,6,5,120,0.05,False,2025/silverstone,True
2025,6,5,120,0.05,False,2025/budapest,True
2025,6,5,120,0.05,False,2025/zandvoort,True
2025,6,5,120,0.05,False,2025/monza,True
2025,6,5,120,0.05,False,2025/baku,True
2025,6,5,120,0.05,False,2025/marina-bay,True
2025,6,5,120,0.05,False,2025/mexico-city,True
2025,6,5,120,0.05,False,2025/las-vegas,True
2025,6,5,120,0.05,False,2025/yas-island,True
2025,6,5,120,0.075,False,2025/melbourne,False
2025,6,5,120,0.075,False,2025/suzuka,False
2025,6,5,120,0.075,False,2025/sakhir,False
2025,6,5,120,0.075,False,2025/jeddah,False
2025,6,5,120,0.075,False,2025/imola,False
2025,6,5,120,0.075,False,2025/monaco,False
2025,6,5,120,0.075,False,2025/barcelona,True
2025,6,5,120,0.075,False,2025/montreal,True
2025,6,5,120,0.075,False,2025/spielberg,True
2025,6,5,120,0.075,False,2025/silverstone,True
2025,6,5,120,0.075,False,2025/budapest,True
2025,6,5,120,0.075,False,2025/zandvoort,True
2025,6,5,120,0.075,False,2025/monza,True
2025,6,5,120,0.075,False,2025/baku,True
2025,6,5,120,0.075,False,2025/marina-bay,True
2025,6,5,120,0.075,False,2025/mexico-city,True
2025,6,5,120,0.075,False,2025/las-vegas,True
2025,6,5,120,0.075,False,2025/yas-island,True
2025,6,6,80,0.025,False,2025/melbourne,False
2025,6,6,80,0.025,False,2025/suzuka,False
2025,6,6,80,0.025,False,2025/sakhir,False
2025,6,6,80,0.025,False,2025/jeddah,False
2025,6,6,80,0.025,False,2025/imola,False
2025,6,6,80,0.025,False,2025/monaco,False
2025,6,6,80,0.025,False,2025/barcelona,True
2025,6,6,80,0.025,False,2025/montreal,True
2025,6,6,80,0.025,False,2025/spielberg,True
2025,6,6,80,0.025,False,2025/silverstone,True
2025,6,6,80,0.025,False,2025/budapest,True
2025,6,6,80,0.025,False,2025/zandvoort,True
2025,6,6,80,0.025,False,2025/monza,True
2025,6,6,80,0.025,False,2025/baku,True
2025,6,6,80,0.025,False,2025/marina-bay,True
2025,6,6,80,0.025,False,2025/mexico-city,True
2025,6,6,80,0.025,False,2025/las-vegas,True
2025,6,6,80,0.025,False,2025/yas-island,True
2025,6,6,80,0.05,False,2025/melbourne,False
2025,6,6,80,0.05,False,2025/suzuka,False
2025,6,6,80,0.05,False,2025/sakhir,False
2025,6,6,80,0.05,False,2025/jeddah,False
2025,6,6,80,0.05,False,2025/imola,False
2025,6,6,80,0.05,False,2025/monaco,False
2025,6,6,80,0.05,False,2025/barcelona,True
2025,6,6,80,0.05,False,2025/montreal,True
2025,6,6,80,0.05,False,2025/spielberg,True
2025,6,6,80,0.05,False,2025/silverstone,True
2025,6,6,80,0.05,False,2025/budapest,True
2025,6,6,80,0.05,False,2025/zandvoort,True
2025,6,6,80,0.05,False,2025/monza,True
2025,6,6,80,0.05,False,2025/baku,True
2025,6,6,80,0.05,False,2025/marina-bay,True
2025,6,6,80,0.05,False,2025/mexico-city,True
2025,6,6,80,0.05,False,2025/las-vegas,True
2025,6,6,80,0.05,False,2025/yas-island,True
2025,6,6,80,0.075,False,2025/melbourne,False
2025,6,6,80,0.075,False,2025/suzuka,False
2025,6,6,80,0.075,False,2025/sakhir,False
2025,6,6,80,0.075,False,2025/jeddah,False
2025,6,6,80,0.075,False,2025/imola,False
2025,6,6,80,0.075,False,2025/monaco,False
2025,6,6,80,0.075,False,2025/barcelona,True
2025,6,6,80,0.075,False,2025/montreal,True
2025,6,6,80,0.075,False,2025/spielberg,True
2025,6,6,80,0.075,False,2025/silverstone,True
2025,6,6,80,0.075,False,2025/budapest,True
2025,6,6,80,0.075,False,2025/zandvoort,True
2025,6,6,80,0.075,False,2025/monza,True
2025,6,6,80,0.075,False,2025/baku,True
2025,6,6,80,0.075,False,2025/marina-bay,True
2025,6,6,80,0.075,False,2025/mexico-city,True
2025,6,6,80,0.075,False,2025/las-vegas,True
2025,6,6,80,0.075,False,2025/yas-island,True
2025,6,6,100,0.025,False,2025/melbourne,False
2025,6,6,100,0.025,False,2025/suzuka,False
2025,6,6,100,0.025,False,2025/sakhir,False
2025,6,6,100,0.025,False,2025/jeddah,False
2025,6,6,100,0.025,False,2025/imola,False
2025,6,6,100,0.025,False,2025/monaco,False
2025,6,6,100,0.025,False,2025/barcelona,True
2025,6,6,100,0.025,False,2025/montreal,True
2025,6,6,100,0.025,False,2025/spielberg,True
2025,6,6,100,0.025,False,2025/silverstone,True
2025,6,6,100,0.025,False,2025/budapest,True
2025,6,6,100,0.025,False,2025/zandvoort,True
2025,6,6,100,0.025,False,2025/monza,True
2025,6,6,100,0.025,False,2025/baku,True
2025,6,6,100,0.025,False,2025/marina-bay,True
2025,6,6,100,0.025,False,2025/mexico-city,True
2025,6,6,100,0.025,False,2025/las-vegas,True
2025,6,6,100,0.025,False,2025/yas-island,True
2025,6,6,100,0.05,False,2025/melbourne,False
2025,6,6,100,0.05,False,2025/suzuka,False
2025,6,6,100,0.05,False,2025/sakhir,False
2025,6,6,100,0.05,False,2025/jeddah,False
2025,6,6,100,0.05,False,2025/imola,False
2025,6,6,100,0.05,False,2025/monaco,False
2025,6,6,100,0.05,False,2025/barcelona,True
2025,6,6,100,0.05,False,2025/montreal,True
2025,6,6,100,0.05,False,2025/spielberg,True
2025,6,6,100,0.05,False,2025/silverstone,True
2025,6,6,100,0.05,False,2025/budapest,True
2025,6,6,100,0.05,False,2025/zandvoort,True
2025,6,6,100,0.05,False,2025/monza,True
2025,6,6,100,0.05,False,2025/baku,True
2025,6,6,100,0.05,False,2025/marina-bay,True
2025,6,6,100,0.05,False,2025/mexico-city,True
2025,6,6,100,0.05,False,2025/las-vegas,True
2025,6,6,100,0.05,False,2025/yas-island,True
2025,6,6,100,0.075,False,2025/melbourne,False
2025,6,6,100,0.075,False,2025/suzuka,False
2025,6,6,100,0.075,False,2025/sakhir,False
2025,6,6,100,0.075,False,2025/jeddah,False
2025,6,6,100,0.075,False,2025/imola,False
2025,6,6,100,0.075,False,2025/monaco,False
2025,6,6,100,0.075,False,2025/barcelona,True
2025,6,6,100,0.075,False,2025/montreal,True
2025,6,6,100,0.075,False,2025/spielberg,True
2025,6,6,100,0.075,False,2025/silverstone,True
2025,6,6,100,0.075,False,2025/budapest,True
2025,6,6,100,0.075,False,2025/zandvoort,True
2025,6,6,100,0.075,False,2025/monza,True
2025,6,6,100,0.075,False,2025/baku,True
2025,6,6,100,0.075,False,2025/marina-bay,True
2025,6,6,100,0.075,False,2025/mexico-city,True
2025,6,6,100,0.075,False,2025/las-vegas,True
2025,6,6,100,0.075,False,2025/yas-island,True
2025,6,6,120,0.025,False,2025/melbourne,False
2025,6,6,120,0.025,False,2025/suzuka,False
2025,6,6,120,0.025,False,2025/sakhir,False
2025,6,6,120,0.025,False,2025/jeddah,False
2025,6,6,120,0.025,False,2025/imola,False
2025,6,6,120,0.025,False,2025/monaco,False
2025,6,6,120,0.025,False,2025/barcelona,True
2025,6,6,120,0.025,False,2025/montreal,True
2025,6,6,120,0.025,False,2025/spielberg,True
2025,6,6,120,0.025,False,2025/silverstone,True
2025,6,6,120,0.025,False,2025/budapest,True
2025,6,6,120,0.025,False,2025/zandvoort,True
2025,6,6,120,0.025,False,2025/monza,True
2025,6,6,120,0.025,False,2025/baku,True
2025,6,6,120,0.025,False,2025/marina-bay,True
2025,6,6,120,0.025,False,2025/mexico-city,True
2025,6,6,120,0.025,False,2025/las-vegas,True
2025,6,6,120,0.025,False,2025/yas-island,True
2025,6,6,120,0.05,False,2025/melbourne,False
2025,6,6,120,0.05,False,2025/suzuka,False
2025,6,6,120,0.05,False,2025/sakhir,False
2025,6,6,120,0.05,False,2025/jeddah,False
2025,6,6,120,0.05,False,2025/imola,False
2025,6,6,120,0.05,False,2025/monaco,False
2025,6,6,120,0.05,False,2025/barcelona,True
2025,6,6,120,0.05,False,2025/montreal,True
2025,6,6,120,0.05,False,2025/spielberg,True
2025,6,6,120,0.05,False,2025/silverstone,True
2025,6,6,120,0.05,False,2025/budapest,True
2025,6,6,120,0.05,False,2025/zandvoort,True
2025,6,6,120,0.05,False,2025/monza,True
2025,6,6,120,0.05,False,2025/baku,True
2025,6,6,120,0.05,False,2025/marina-bay,True
2025,6,6,120,0.05,False,2025/mexico-city,True
2025,6,6,120,0.05,False,2025/las-vegas,True
2025,6,6,120,0.05,False,2025/yas-island,True
2025,6,6,120,0.075,False,2025/melbourne,False
2025,6,6,120,0.075,False,2025/suzuka,False
2025,6,6,120,0.075,False,2025/sakhir,False
2025,6,6,120,0.075,False,2025/jeddah,False
2025,6,6,120,0.075,False,2025/imola,False
2025,6,6,120,0.075,False,2025/monaco,False
2025,6,6,120,0.075,False,2025/barcelona,True
2025,6,6,120,0.075,False,2025/montreal,True
2025,6,6,120,0.075,False,2025/spielberg,True
2025,6,6,120,0.075,False,2025/silverstone,True
2025,6,6,120,0.075,False,2025/budapest,True
2025,6,6,120,0.075,False,2025/zandvoort,True
2025,6,6,120,0.075,False,2025/monza,True
2025,6,6,120,0.075,False,2025/baku,True
2025,6,6,120,0.075,False,2025/marina-bay,True
2025,6,6,120,0.075,False,2025/mexico-city,True
2025,6,6,120,0.075,False,2025/las-vegas,True
2025,6,6,120,0.075,False,2025/yas-island,True
